-- MySQL dump 10.13  Distrib 8.2.0, for macos14.0 (arm64)
--
-- Host: localhost    Database: testdb
-- ------------------------------------------------------
-- Server version	8.2.0

/*!40101 SET @OLD_CHARACTER_SET_CLIENT=@@CHARACTER_SET_CLIENT */;
/*!40101 SET @OLD_CHARACTER_SET_RESULTS=@@CHARACTER_SET_RESULTS */;
/*!40101 SET @OLD_COLLATION_CONNECTION=@@COLLATION_CONNECTION */;
/*!50503 SET NAMES utf8mb4 */;
/*!40103 SET @OLD_TIME_ZONE=@@TIME_ZONE */;
/*!40103 SET TIME_ZONE='+00:00' */;
/*!40014 SET @OLD_UNIQUE_CHECKS=@@UNIQUE_CHECKS, UNIQUE_CHECKS=0 */;
/*!40014 SET @OLD_FOREIGN_KEY_CHECKS=@@FOREIGN_KEY_CHECKS, FOREIGN_KEY_CHECKS=0 */;
/*!40101 SET @OLD_SQL_MODE=@@SQL_MODE, SQL_MODE='NO_AUTO_VALUE_ON_ZERO' */;
/*!40111 SET @OLD_SQL_NOTES=@@SQL_NOTES, SQL_NOTES=0 */;

CREATE DATABASE testdb;

USE testdb;

--
-- Table structure for table `addresses`
--

DROP TABLE IF EXISTS `addresses`;
/*!40101 SET @saved_cs_client     = @@character_set_client */;
/*!50503 SET character_set_client = utf8mb4 */;
CREATE TABLE `addresses` (
  `address_id` int NOT NULL AUTO_INCREMENT,
  `address` varchar(255) NOT NULL,
  `address2` varchar(255) DEFAULT NULL,
  `city` varchar(255) NOT NULL,
  `state` varchar(255) NOT NULL,
  `zipcode` varchar(255) NOT NULL,
  `createdAt` datetime NOT NULL,
  `updatedAt` datetime NOT NULL,
  PRIMARY KEY (`address_id`)
) ENGINE=InnoDB AUTO_INCREMENT=25 DEFAULT CHARSET=utf8mb4 COLLATE=utf8mb4_0900_ai_ci;
/*!40101 SET character_set_client = @saved_cs_client */;

--
-- Dumping data for table `addresses`
--

LOCK TABLES `addresses` WRITE;
/*!40000 ALTER TABLE `addresses` DISABLE KEYS */;
INSERT INTO `addresses` VALUES (21,'10 Dolby Lane','Apt 4','Tracy','CA','94566','2024-02-21 06:15:46','2024-02-21 06:15:46'),(22,'4397 Elkview Drive','','Lake Worth','Florida','33463','2024-02-21 06:15:46','2024-02-21 06:15:46'),(23,'2239 Heavner Avenue','','Lula','Georgia','30554','2024-02-21 06:15:46','2024-02-21 06:15:46'),(24,'4943 Sugar Camp Road','','Tracy','Minnesota','56175','2024-02-21 06:15:46','2024-02-21 06:15:46');
/*!40000 ALTER TABLE `addresses` ENABLE KEYS */;
UNLOCK TABLES;

--
-- Table structure for table `categories`
--

DROP TABLE IF EXISTS `categories`;
/*!40101 SET @saved_cs_client     = @@character_set_client */;
/*!50503 SET character_set_client = utf8mb4 */;
CREATE TABLE `categories` (
  `category_id` int NOT NULL AUTO_INCREMENT,
  `parent_id` int DEFAULT '0',
  `name` varchar(255) NOT NULL,
  `description` varchar(255) NOT NULL,
  `time_to_complete` varchar(255) DEFAULT NULL,
  `price_range` varchar(255) DEFAULT NULL,
  `img_url` varchar(255) NOT NULL,
  `createdAt` datetime NOT NULL,
  `updatedAt` datetime NOT NULL,
  PRIMARY KEY (`category_id`)
) ENGINE=InnoDB AUTO_INCREMENT=6 DEFAULT CHARSET=utf8mb4 COLLATE=utf8mb4_0900_ai_ci;
/*!40101 SET character_set_client = @saved_cs_client */;

--
-- Dumping data for table `categories`
--

LOCK TABLES `categories` WRITE;
/*!40000 ALTER TABLE `categories` DISABLE KEYS */;
INSERT INTO `categories` VALUES (1,1,'Home Appliance Repair','Repair services for small appliances','1-2 hours','$100-$200','http://localhost:8081/resources/images/appliances.png','2024-03-05 21:14:32','2024-03-05 21:14:32'),(2,1,'Plumber','Plumbing services','3-4 hours','$100-$200','http://localhost:8081/resources/images/plumber.png','2024-03-05 21:14:45','2024-03-05 21:14:45'),(3,1,'Electrician','Electrician services','1-2 hours','$100-$200','http://localhost:8081/resources/images/electrician.png','2024-03-05 21:14:45','2024-03-05 21:14:45'),(4,1,'Home Appliance Repair','Repair services for small appliances','1-2 hours','$100-$200','http://localhost:8081/resources/images/appliances.png','2024-03-05 21:14:45','2024-03-05 21:14:45'),(5,1,'Home Appliance Repair','Repair services for small appliances','1-2 hours','$100-$200','http://localhost:8081/resources/images/appliances.png','2024-03-19 20:07:11','2024-03-19 20:07:11');
/*!40000 ALTER TABLE `categories` ENABLE KEYS */;
UNLOCK TABLES;

--
-- Table structure for table `doers`
--

DROP TABLE IF EXISTS `doers`;
/*!40101 SET @saved_cs_client     = @@character_set_client */;
/*!50503 SET character_set_client = utf8mb4 */;
CREATE TABLE `doers` (
  `doer_id` int NOT NULL AUTO_INCREMENT,
  `name` varchar(255) NOT NULL,
  `services` varchar(255) NOT NULL,
  `availability` varchar(255) NOT NULL,
  `phone_number` varchar(255) NOT NULL,
  `location` varchar(255) NOT NULL,
  `rating` int DEFAULT NULL,
  `review_count` int DEFAULT NULL,
  `img_url` varchar(255) DEFAULT NULL,
  `accepted_reservations_count` int NOT NULL DEFAULT '0',
  `declined_reservations_count` int NOT NULL DEFAULT '0',
  `abandoned_reservations_count` int NOT NULL DEFAULT '0',
  `completed_reservations_count` int NOT NULL DEFAULT '0',
  `createdAt` datetime NOT NULL,
  `updatedAt` datetime NOT NULL,
  PRIMARY KEY (`doer_id`)
) ENGINE=InnoDB AUTO_INCREMENT=221 DEFAULT CHARSET=utf8mb4 COLLATE=utf8mb4_0900_ai_ci;
/*!40101 SET character_set_client = @saved_cs_client */;

--
-- Dumping data for table `doers`
--

LOCK TABLES `doers` WRITE;
/*!40000 ALTER TABLE `doers` DISABLE KEYS */;
INSERT INTO `doers` VALUES (1,'Electric Chen','Electricians , Lighting Fixtures & Equipment','Sun: 8-18, Sat: 10-13','(510) 606-8626','{city: Pleasanton,state: CA,zip_code: 94566}',5,130,'https://s3-media1.fl.yelpcdn.com/bphoto/c0yG3A1Jx-zClnJwslr5QQ/o.jpg',2,2,2,2,'2024-03-05 18:25:06','2024-03-05 19:11:12'),(2,'VC Electric','Electricians','Thu: 8-21, Fri: 7-21','(925) 699-0355','{city: Dublin,state: CA,zip_code: 94568}',5,134,'https://s3-media2.fl.yelpcdn.com/bphoto/HzHaopFAdSSEVneqwbahBQ/o.jpg',0,0,0,0,'2024-03-05 18:25:06','2024-03-05 18:25:06'),(3,'Better Electric','Electricians , Lighting Fixtures & Equipment','Sat: 8-14, Tue: 9-21','(925) 413-4215','{city: Livermore,state: CA,zip_code: 94550}',5,41,'https://s3-media4.fl.yelpcdn.com/bphoto/RI9DpJk52cjclkVhiXridQ/o.jpg',1,0,0,0,'2024-03-05 18:25:06','2024-03-08 05:37:22'),(4,'TD West Electric','Electricians , Lighting Fixtures & Equipment','Fri: 10-22, Sun: 7-12','(510) 342-2818','{city: Union City ,state: CA,zip_code: 94587}',5,201,'https://s3-media2.fl.yelpcdn.com/bphoto/NLxw4Bt_7-clB1mIm0n31Q/o.jpg',0,0,0,0,'2024-03-05 18:25:06','2024-03-05 18:25:06'),(5,'Grover Electric','Electricians','Sun: 7-22, Fri: 8-20','(925) 285-9657','{city: Danville,state: CA,zip_code: 94526}',5,175,'https://s3-media4.fl.yelpcdn.com/bphoto/JPCHQDPslA8pKKyiEhdlaQ/o.jpg',0,0,0,0,'2024-03-05 18:25:06','2024-03-05 18:25:06'),(6,'Formosa Electric','Electricians','Mon: 7-20, Fri: 9-22','(510) 709-5978','{city: Newark,state: CA,zip_code: 94560}',5,521,'https://s3-media4.fl.yelpcdn.com/bphoto/bNAQdzbWaK4vfeR028-f1g/o.jpg',0,0,0,0,'2024-03-05 18:25:06','2024-03-05 18:25:06'),(7,'Shamrockin Electric','Electricians','Fri: 9-21, Sun: 7-19','(925) 273-0750','{city: Livermore,state: CA,zip_code: 94550}',5,37,'https://s3-media2.fl.yelpcdn.com/bphoto/K3kGXflZXEudtsQ7PvcwUQ/o.jpg',0,0,0,0,'2024-03-05 18:25:06','2024-03-05 18:25:06'),(8,'Fitch Electric','Electricians , Lighting Fixtures & Equipment , Generator Installation/Repair','Fri: 7-12, Sun: 9-23','(925) 684-8932','{city: Danville,state: CA,zip_code: 94526}',5,97,'https://s3-media4.fl.yelpcdn.com/bphoto/JnXvR10wqh0pyYvb9yGDgg/o.jpg',0,0,0,0,'2024-03-05 18:25:06','2024-03-05 18:25:06'),(9,'Simply Electric','Electricians','Mon: 8-18, Sun: 7-14','(408) 499-4736','{city: Milpitas,state: CA,zip_code: 95035}',5,251,'https://s3-media3.fl.yelpcdn.com/bphoto/HxN3FUC2B0mViVpzsHbEYg/o.jpg',5,5,5,5,'2024-03-05 18:25:06','2024-03-05 19:21:38'),(10,'AMZ  Electric','Electricians','Fri: 7-14, Fri: 11-23','(925) 216-8894','{city: Pleasanton,state: CA,zip_code: 94588}',5,241,'https://s3-media2.fl.yelpcdn.com/bphoto/z8vuW-j7Ws2P9LjRsnLH1A/o.jpg',12,10,10,11,'2024-03-05 18:25:06','2024-03-05 23:11:30'),(11,'BCP Concrete','Masonry/Concrete','Sun: 9-12, Sat: 10-17','(925) 462-6456','{city: Pleasanton,state: CA,zip_code: 94566}',5,47,'https://s3-media2.fl.yelpcdn.com/bphoto/bmzElEikGRSGqBhu7mWQqw/o.jpg',0,0,0,0,'2024-03-05 19:13:13','2024-03-05 19:13:13'),(12,'Swansons Landscaping','Landscaping , Masonry/Concrete , Patio Coverings','Wed: 7-19, Thu: 8-23','(925) 449-8169','{city: Livermore,state: CA,zip_code: 94550}',5,104,'https://s3-media2.fl.yelpcdn.com/bphoto/uBghgJyotD86qHrICm9SuA/o.jpg',0,0,0,0,'2024-03-05 19:13:13','2024-03-05 19:13:13'),(13,'Liquid Coating Designs','Masonry/Concrete , Decks & Railing','Fri: 10-14, Fri: 7-18','(866) 886-2628','{city: Pleasanton,state: CA,zip_code: 94566}',5,46,'https://s3-media1.fl.yelpcdn.com/bphoto/EBp5VNBi-rntJ6DW_f4K0A/o.jpg',0,0,0,0,'2024-03-05 19:13:13','2024-03-05 19:13:13'),(14,'Crest Landscape','Landscaping , Masonry/Concrete','Sat: 10-16, Sun: 11-18','(510) 967-0594','{city: Pleasanton,state: CA,zip_code: 94566}',5,30,'https://s3-media4.fl.yelpcdn.com/bphoto/tGdgdufFNPzrrD_w6bLkrA/o.jpg',0,0,0,0,'2024-03-05 19:13:13','2024-03-05 19:13:13'),(15,'Solo Pavers Expert','Masonry/Concrete','Thu: 9-23, Sun: 10-20','(925) 255-6502','{city: Danville,state: CA,zip_code: 94526}',5,102,'https://s3-media4.fl.yelpcdn.com/bphoto/7yeB2uE2rXjYyUb7x2ufgw/o.jpg',0,0,0,0,'2024-03-05 19:13:13','2024-03-05 19:13:13'),(16,'Hulu’s Concrete & Landscaping','Masonry/Concrete , Landscaping','Mon: 8-15, Sun: 8-23','(925) 395-3725','{city: Concord,state: CA,zip_code: 94520}',5,68,'https://s3-media3.fl.yelpcdn.com/bphoto/f4EzEVdAAa7o-leABrkL_g/o.jpg',0,0,0,0,'2024-03-05 19:13:13','2024-03-05 19:13:13'),(17,'Nine Orange Landscaping','Landscaping , Masonry/Concrete','Wed: 7-21, Fri: 8-12','(925) 588-8789','{city: Pleasanton,state: CA,zip_code: 94588}',5,176,'https://s3-media2.fl.yelpcdn.com/bphoto/2lr7uxSDR7fvlIRd_PAQkQ/o.jpg',0,0,0,0,'2024-03-05 19:13:13','2024-03-05 19:13:13'),(18,'Sandoval Concrete','Masonry/Concrete','Mon: 10-18, Mon: 8-14','(408) 591-1368','{city: Manteca,state: CA,zip_code: 95336}',5,52,'https://s3-media4.fl.yelpcdn.com/bphoto/kTPIWynfJT8AZp8ofVeuSg/o.jpg',0,0,0,0,'2024-03-05 19:13:13','2024-03-05 19:13:13'),(19,'NC Marble and Stone Pavers','Masonry/Concrete','Fri: 7-12, Wed: 11-12','(510) 725-7805','{city: Dublin,state: CA,zip_code: 94568}',5,17,'https://s3-media4.fl.yelpcdn.com/bphoto/MqUVotJKaYLuwiVWh8BqJA/o.jpg',0,0,0,0,'2024-03-05 19:13:13','2024-03-05 19:13:13'),(20,'New Moon Landscape ','Landscaping , Masonry/Concrete , Irrigation','Tue: 8-16, Fri: 9-19','(510) 332-5822','{city: Oakland,state: CA,zip_code: 94601}',5,37,'https://s3-media3.fl.yelpcdn.com/bphoto/h-Yy6l3EjlptxET9b808lw/o.jpg',0,0,0,0,'2024-03-05 19:13:13','2024-03-05 19:13:13'),(21,'Electric Chen','Electricians , Lighting Fixtures & Equipment','Sun: 8-18, Sat: 10-13','(510) 606-8626','{city: Pleasanton,state: CA,zip_code: 94566}',5,130,'https://s3-media1.fl.yelpcdn.com/bphoto/c0yG3A1Jx-zClnJwslr5QQ/o.jpg',0,0,0,0,'2024-03-05 19:13:13','2024-03-05 19:13:13'),(22,'VC Electric','Electricians','Thu: 8-21, Fri: 7-21','(925) 699-0355','{city: Dublin,state: CA,zip_code: 94568}',5,134,'https://s3-media2.fl.yelpcdn.com/bphoto/HzHaopFAdSSEVneqwbahBQ/o.jpg',0,0,0,0,'2024-03-05 19:13:13','2024-03-05 19:13:13'),(23,'Better Electric','Electricians , Lighting Fixtures & Equipment','Sat: 8-14, Tue: 9-21','(925) 413-4215','{city: Livermore,state: CA,zip_code: 94550}',5,41,'https://s3-media4.fl.yelpcdn.com/bphoto/RI9DpJk52cjclkVhiXridQ/o.jpg',0,0,0,0,'2024-03-05 19:13:13','2024-03-05 19:13:13'),(24,'TD West Electric','Electricians , Lighting Fixtures & Equipment','Fri: 10-22, Sun: 7-12','(510) 342-2818','{city: Union City ,state: CA,zip_code: 94587}',5,201,'https://s3-media2.fl.yelpcdn.com/bphoto/NLxw4Bt_7-clB1mIm0n31Q/o.jpg',0,0,0,0,'2024-03-05 19:13:13','2024-03-05 19:13:13'),(25,'Grover Electric','Electricians','Sun: 7-22, Fri: 8-20','(925) 285-9657','{city: Danville,state: CA,zip_code: 94526}',5,175,'https://s3-media4.fl.yelpcdn.com/bphoto/JPCHQDPslA8pKKyiEhdlaQ/o.jpg',0,0,0,0,'2024-03-05 19:13:13','2024-03-05 19:13:13'),(26,'Formosa Electric','Electricians','Mon: 7-20, Fri: 9-22','(510) 709-5978','{city: Newark,state: CA,zip_code: 94560}',5,521,'https://s3-media4.fl.yelpcdn.com/bphoto/bNAQdzbWaK4vfeR028-f1g/o.jpg',0,0,0,0,'2024-03-05 19:13:13','2024-03-05 19:13:13'),(27,'Shamrockin Electric','Electricians','Fri: 9-21, Sun: 7-19','(925) 273-0750','{city: Livermore,state: CA,zip_code: 94550}',5,37,'https://s3-media2.fl.yelpcdn.com/bphoto/K3kGXflZXEudtsQ7PvcwUQ/o.jpg',0,0,0,0,'2024-03-05 19:13:13','2024-03-05 19:13:13'),(28,'Fitch Electric','Electricians , Lighting Fixtures & Equipment , Generator Installation/Repair','Fri: 7-12, Sun: 9-23','(925) 684-8932','{city: Danville,state: CA,zip_code: 94526}',5,97,'https://s3-media4.fl.yelpcdn.com/bphoto/JnXvR10wqh0pyYvb9yGDgg/o.jpg',0,0,0,0,'2024-03-05 19:13:13','2024-03-05 19:13:13'),(29,'Simply Electric','Electricians','Mon: 8-18, Sun: 7-14','(408) 499-4736','{city: Milpitas,state: CA,zip_code: 95035}',5,251,'https://s3-media3.fl.yelpcdn.com/bphoto/HxN3FUC2B0mViVpzsHbEYg/o.jpg',0,0,0,0,'2024-03-05 19:13:13','2024-03-05 19:13:13'),(30,'AMZ  Electric','Electricians','Fri: 7-14, Fri: 11-23','(925) 216-8894','{city: Pleasanton,state: CA,zip_code: 94588}',5,241,'https://s3-media2.fl.yelpcdn.com/bphoto/z8vuW-j7Ws2P9LjRsnLH1A/o.jpg',0,0,0,0,'2024-03-05 19:13:13','2024-03-05 19:13:13'),(31,'Spotless','Carpet Cleaning , Grout Services','Sat: 8-18, Wed: 7-17','(925) 892-3332','{city: Pleasanton,state: CA,zip_code: 94588}',5,189,'https://s3-media3.fl.yelpcdn.com/bphoto/FXs6W0u0tid6T9b4qUwUHg/o.jpg',0,0,0,0,'2024-03-05 19:13:13','2024-03-05 19:13:13'),(32,'Oasin Cleaning Services','Home Cleaning , Office Cleaning , Carpet Cleaning','Wed: 9-20, Fri: 9-21','(925) 766-4465','{city: Pleasanton,state: CA,zip_code: 94566}',5,106,'https://s3-media1.fl.yelpcdn.com/bphoto/4_FEXi2_5I-EliihYLSwCg/o.jpg',0,0,0,0,'2024-03-05 19:13:13','2024-03-05 19:13:13'),(33,'Vip Cleaning Service','Home Cleaning , Office Cleaning , Carpet Cleaning','Tue: 9-19, Fri: 11-14','(925) 305-5092','{city: Concord,state: CA,zip_code: 94519}',5,117,'https://s3-media2.fl.yelpcdn.com/bphoto/dmZUXIr7TZLS7joJHgBcAg/o.jpg',0,0,0,0,'2024-03-05 19:13:13','2024-03-05 19:13:13'),(34,'J.B.S.','Carpet Cleaning , Gutter Services , Pressure Washers','Tue: 10-18, Thu: 8-13','(925) 525-7577','{city: San Ramon,state: CA,zip_code: 94583}',5,407,'https://s3-media2.fl.yelpcdn.com/bphoto/YZ_O3ejEXfCzLeYN5ddMGw/o.jpg',0,0,0,0,'2024-03-05 19:13:13','2024-03-05 19:13:13'),(35,'eMaids','Home Cleaning , Office Cleaning , Window Washing','Mon: 8-12, Sun: 10-16','(925) 989-0226','{city: Livermore,state: CA,zip_code: 94551}',5,20,'https://s3-media1.fl.yelpcdn.com/bphoto/4vV2BUDXQfRBMJ17J3MAsQ/o.jpg',0,0,0,0,'2024-03-05 19:13:13','2024-03-05 19:13:13'),(36,'InstaMaids','Home Cleaning , Carpet Cleaning','Tue: 7-12, Sun: 10-13','(800) 552-5997','{city: San Jose,state: CA,zip_code: 95113}',4,590,'https://s3-media3.fl.yelpcdn.com/bphoto/bBQ9jg5ESlgYgW80BCHnZA/o.jpg',0,0,0,0,'2024-03-05 19:13:13','2024-03-05 19:13:13'),(37,'Red Carpet Maids','Office Cleaning , Home Cleaning , Window Washing','Wed: 7-15, Tue: 8-15','(925) 727-3000','{city: Pleasanton,state: CA,zip_code: 94588}',5,48,'https://s3-media1.fl.yelpcdn.com/bphoto/HVX5uNiAet2HliF3_XPdpA/o.jpg',0,0,0,0,'2024-03-05 19:13:13','2024-03-05 19:13:13'),(38,'Garcia’s House Cleaning','Home Cleaning','Mon: 8-20, Thu: 9-17','(510) 931-3427','{city: Hayward,state: CA,zip_code: 94541}',5,21,'https://s3-media3.fl.yelpcdn.com/bphoto/XeiWip-f9B5y8geblLh1Nw/o.jpg',0,0,0,0,'2024-03-05 19:13:13','2024-03-05 19:13:13'),(39,'Stay Cleaned Up','Carpet Cleaning , Pressure Washers','Thu: 7-19, Thu: 8-23','(510) 888-3333','{city: Hayward,state: CA,zip_code: 94541}',5,727,'https://s3-media2.fl.yelpcdn.com/bphoto/_hH4S786rBT_9Ebcry5Pjw/o.jpg',0,0,0,0,'2024-03-05 19:13:13','2024-03-05 19:13:13'),(40,'Tender Loving Care House Cleaning Service','Home Cleaning','Fri: 10-21, Sun: 10-17','(510) 481-9193','{city: Castro Valley,state: CA,zip_code: 94546}',4,31,'https://s3-media2.fl.yelpcdn.com/bphoto/Hjn-cp1NgJSs_YFxPkcKuw/o.jpg',0,0,0,0,'2024-03-05 19:13:13','2024-03-05 19:13:13'),(41,'BCP Concrete','Masonry/Concrete','Sun: 9-12, Sat: 10-17','(925) 462-6456','{city: Pleasanton,state: CA,zip_code: 94566}',5,47,'https://s3-media2.fl.yelpcdn.com/bphoto/bmzElEikGRSGqBhu7mWQqw/o.jpg',0,0,0,0,'2024-03-05 19:16:54','2024-03-05 19:16:54'),(42,'Swansons Landscaping','Landscaping , Masonry/Concrete , Patio Coverings','Wed: 7-19, Thu: 8-23','(925) 449-8169','{city: Livermore,state: CA,zip_code: 94550}',5,104,'https://s3-media2.fl.yelpcdn.com/bphoto/uBghgJyotD86qHrICm9SuA/o.jpg',0,0,0,0,'2024-03-05 19:16:54','2024-03-05 19:16:54'),(43,'Liquid Coating Designs','Masonry/Concrete , Decks & Railing','Fri: 10-14, Fri: 7-18','(866) 886-2628','{city: Pleasanton,state: CA,zip_code: 94566}',5,46,'https://s3-media1.fl.yelpcdn.com/bphoto/EBp5VNBi-rntJ6DW_f4K0A/o.jpg',0,0,0,0,'2024-03-05 19:16:54','2024-03-05 19:16:54'),(44,'Crest Landscape','Landscaping , Masonry/Concrete','Sat: 10-16, Sun: 11-18','(510) 967-0594','{city: Pleasanton,state: CA,zip_code: 94566}',5,30,'https://s3-media4.fl.yelpcdn.com/bphoto/tGdgdufFNPzrrD_w6bLkrA/o.jpg',0,0,0,0,'2024-03-05 19:16:54','2024-03-05 19:16:54'),(45,'Solo Pavers Expert','Masonry/Concrete','Thu: 9-23, Sun: 10-20','(925) 255-6502','{city: Danville,state: CA,zip_code: 94526}',5,102,'https://s3-media4.fl.yelpcdn.com/bphoto/7yeB2uE2rXjYyUb7x2ufgw/o.jpg',0,0,0,0,'2024-03-05 19:16:54','2024-03-05 19:16:54'),(46,'Hulu’s Concrete & Landscaping','Masonry/Concrete , Landscaping','Mon: 8-15, Sun: 8-23','(925) 395-3725','{city: Concord,state: CA,zip_code: 94520}',5,68,'https://s3-media3.fl.yelpcdn.com/bphoto/f4EzEVdAAa7o-leABrkL_g/o.jpg',0,0,0,0,'2024-03-05 19:16:54','2024-03-05 19:16:54'),(47,'Nine Orange Landscaping','Landscaping , Masonry/Concrete','Wed: 7-21, Fri: 8-12','(925) 588-8789','{city: Pleasanton,state: CA,zip_code: 94588}',5,176,'https://s3-media2.fl.yelpcdn.com/bphoto/2lr7uxSDR7fvlIRd_PAQkQ/o.jpg',0,0,0,0,'2024-03-05 19:16:54','2024-03-05 19:16:54'),(48,'Sandoval Concrete','Masonry/Concrete','Mon: 10-18, Mon: 8-14','(408) 591-1368','{city: Manteca,state: CA,zip_code: 95336}',5,52,'https://s3-media4.fl.yelpcdn.com/bphoto/kTPIWynfJT8AZp8ofVeuSg/o.jpg',0,0,0,0,'2024-03-05 19:16:54','2024-03-05 19:16:54'),(49,'NC Marble and Stone Pavers','Masonry/Concrete','Fri: 7-12, Wed: 11-12','(510) 725-7805','{city: Dublin,state: CA,zip_code: 94568}',5,17,'https://s3-media4.fl.yelpcdn.com/bphoto/MqUVotJKaYLuwiVWh8BqJA/o.jpg',0,0,0,0,'2024-03-05 19:16:54','2024-03-05 19:16:54'),(50,'New Moon Landscape ','Landscaping , Masonry/Concrete , Irrigation','Tue: 8-16, Fri: 9-19','(510) 332-5822','{city: Oakland,state: CA,zip_code: 94601}',5,37,'https://s3-media3.fl.yelpcdn.com/bphoto/h-Yy6l3EjlptxET9b808lw/o.jpg',0,0,0,0,'2024-03-05 19:16:54','2024-03-05 19:16:54'),(51,'Electric Chen','Electricians , Lighting Fixtures & Equipment','Sun: 8-18, Sat: 10-13','(510) 606-8626','{city: Pleasanton,state: CA,zip_code: 94566}',5,130,'https://s3-media1.fl.yelpcdn.com/bphoto/c0yG3A1Jx-zClnJwslr5QQ/o.jpg',0,0,0,0,'2024-03-05 19:16:54','2024-03-05 19:16:54'),(52,'VC Electric','Electricians','Thu: 8-21, Fri: 7-21','(925) 699-0355','{city: Dublin,state: CA,zip_code: 94568}',5,134,'https://s3-media2.fl.yelpcdn.com/bphoto/HzHaopFAdSSEVneqwbahBQ/o.jpg',0,0,0,0,'2024-03-05 19:16:54','2024-03-05 19:16:54'),(53,'Better Electric','Electricians , Lighting Fixtures & Equipment','Sat: 8-14, Tue: 9-21','(925) 413-4215','{city: Livermore,state: CA,zip_code: 94550}',5,41,'https://s3-media4.fl.yelpcdn.com/bphoto/RI9DpJk52cjclkVhiXridQ/o.jpg',0,0,0,0,'2024-03-05 19:16:54','2024-03-05 19:16:54'),(54,'TD West Electric','Electricians , Lighting Fixtures & Equipment','Fri: 10-22, Sun: 7-12','(510) 342-2818','{city: Union City ,state: CA,zip_code: 94587}',5,201,'https://s3-media2.fl.yelpcdn.com/bphoto/NLxw4Bt_7-clB1mIm0n31Q/o.jpg',0,0,0,0,'2024-03-05 19:16:54','2024-03-05 19:16:54'),(55,'Grover Electric','Electricians','Sun: 7-22, Fri: 8-20','(925) 285-9657','{city: Danville,state: CA,zip_code: 94526}',5,175,'https://s3-media4.fl.yelpcdn.com/bphoto/JPCHQDPslA8pKKyiEhdlaQ/o.jpg',0,0,0,0,'2024-03-05 19:16:54','2024-03-05 19:16:54'),(56,'Formosa Electric','Electricians','Mon: 7-20, Fri: 9-22','(510) 709-5978','{city: Newark,state: CA,zip_code: 94560}',5,521,'https://s3-media4.fl.yelpcdn.com/bphoto/bNAQdzbWaK4vfeR028-f1g/o.jpg',0,0,0,0,'2024-03-05 19:16:54','2024-03-05 19:16:54'),(57,'Shamrockin Electric','Electricians','Fri: 9-21, Sun: 7-19','(925) 273-0750','{city: Livermore,state: CA,zip_code: 94550}',5,37,'https://s3-media2.fl.yelpcdn.com/bphoto/K3kGXflZXEudtsQ7PvcwUQ/o.jpg',0,0,0,0,'2024-03-05 19:16:54','2024-03-05 19:16:54'),(58,'Fitch Electric','Electricians , Lighting Fixtures & Equipment , Generator Installation/Repair','Fri: 7-12, Sun: 9-23','(925) 684-8932','{city: Danville,state: CA,zip_code: 94526}',5,97,'https://s3-media4.fl.yelpcdn.com/bphoto/JnXvR10wqh0pyYvb9yGDgg/o.jpg',0,0,0,0,'2024-03-05 19:16:54','2024-03-05 19:16:54'),(59,'Simply Electric','Electricians','Mon: 8-18, Sun: 7-14','(408) 499-4736','{city: Milpitas,state: CA,zip_code: 95035}',5,251,'https://s3-media3.fl.yelpcdn.com/bphoto/HxN3FUC2B0mViVpzsHbEYg/o.jpg',0,0,0,0,'2024-03-05 19:16:54','2024-03-05 19:16:54'),(60,'AMZ  Electric','Electricians','Fri: 7-14, Fri: 11-23','(925) 216-8894','{city: Pleasanton,state: CA,zip_code: 94588}',5,241,'https://s3-media2.fl.yelpcdn.com/bphoto/z8vuW-j7Ws2P9LjRsnLH1A/o.jpg',0,0,0,0,'2024-03-05 19:16:54','2024-03-05 19:16:54'),(61,'Spotless','Carpet Cleaning , Grout Services','Sat: 8-18, Wed: 7-17','(925) 892-3332','{city: Pleasanton,state: CA,zip_code: 94588}',5,189,'https://s3-media3.fl.yelpcdn.com/bphoto/FXs6W0u0tid6T9b4qUwUHg/o.jpg',0,0,0,0,'2024-03-05 19:16:54','2024-03-05 19:16:54'),(62,'Oasin Cleaning Services','Home Cleaning , Office Cleaning , Carpet Cleaning','Wed: 9-20, Fri: 9-21','(925) 766-4465','{city: Pleasanton,state: CA,zip_code: 94566}',5,106,'https://s3-media1.fl.yelpcdn.com/bphoto/4_FEXi2_5I-EliihYLSwCg/o.jpg',0,0,0,0,'2024-03-05 19:16:54','2024-03-05 19:16:54'),(63,'Vip Cleaning Service','Home Cleaning , Office Cleaning , Carpet Cleaning','Tue: 9-19, Fri: 11-14','(925) 305-5092','{city: Concord,state: CA,zip_code: 94519}',5,117,'https://s3-media2.fl.yelpcdn.com/bphoto/dmZUXIr7TZLS7joJHgBcAg/o.jpg',0,0,0,0,'2024-03-05 19:16:54','2024-03-05 19:16:54'),(64,'J.B.S.','Carpet Cleaning , Gutter Services , Pressure Washers','Tue: 10-18, Thu: 8-13','(925) 525-7577','{city: San Ramon,state: CA,zip_code: 94583}',5,407,'https://s3-media2.fl.yelpcdn.com/bphoto/YZ_O3ejEXfCzLeYN5ddMGw/o.jpg',0,0,0,0,'2024-03-05 19:16:54','2024-03-05 19:16:54'),(65,'eMaids','Home Cleaning , Office Cleaning , Window Washing','Mon: 8-12, Sun: 10-16','(925) 989-0226','{city: Livermore,state: CA,zip_code: 94551}',5,20,'https://s3-media1.fl.yelpcdn.com/bphoto/4vV2BUDXQfRBMJ17J3MAsQ/o.jpg',0,0,0,0,'2024-03-05 19:16:54','2024-03-05 19:16:54'),(66,'InstaMaids','Home Cleaning , Carpet Cleaning','Tue: 7-12, Sun: 10-13','(800) 552-5997','{city: San Jose,state: CA,zip_code: 95113}',4,590,'https://s3-media3.fl.yelpcdn.com/bphoto/bBQ9jg5ESlgYgW80BCHnZA/o.jpg',0,0,0,0,'2024-03-05 19:16:54','2024-03-05 19:16:54'),(67,'Red Carpet Maids','Office Cleaning , Home Cleaning , Window Washing','Wed: 7-15, Tue: 8-15','(925) 727-3000','{city: Pleasanton,state: CA,zip_code: 94588}',5,48,'https://s3-media1.fl.yelpcdn.com/bphoto/HVX5uNiAet2HliF3_XPdpA/o.jpg',0,0,0,0,'2024-03-05 19:16:54','2024-03-05 19:16:54'),(68,'Garcia’s House Cleaning','Home Cleaning','Mon: 8-20, Thu: 9-17','(510) 931-3427','{city: Hayward,state: CA,zip_code: 94541}',5,21,'https://s3-media3.fl.yelpcdn.com/bphoto/XeiWip-f9B5y8geblLh1Nw/o.jpg',0,0,0,0,'2024-03-05 19:16:54','2024-03-05 19:16:54'),(69,'Stay Cleaned Up','Carpet Cleaning , Pressure Washers','Thu: 7-19, Thu: 8-23','(510) 888-3333','{city: Hayward,state: CA,zip_code: 94541}',5,727,'https://s3-media2.fl.yelpcdn.com/bphoto/_hH4S786rBT_9Ebcry5Pjw/o.jpg',0,0,0,0,'2024-03-05 19:16:54','2024-03-05 19:16:54'),(70,'Tender Loving Care House Cleaning Service','Home Cleaning','Fri: 10-21, Sun: 10-17','(510) 481-9193','{city: Castro Valley,state: CA,zip_code: 94546}',4,31,'https://s3-media2.fl.yelpcdn.com/bphoto/Hjn-cp1NgJSs_YFxPkcKuw/o.jpg',0,0,0,0,'2024-03-05 19:16:54','2024-03-05 19:16:54'),(71,'BCP Concrete','Masonry/Concrete','Sun: 9-12, Sat: 10-17','(925) 462-6456','{city: Pleasanton,state: CA,zip_code: 94566}',5,47,'https://s3-media2.fl.yelpcdn.com/bphoto/bmzElEikGRSGqBhu7mWQqw/o.jpg',0,0,0,0,'2024-03-05 19:17:48','2024-03-05 19:17:48'),(72,'Swansons Landscaping','Landscaping , Masonry/Concrete , Patio Coverings','Wed: 7-19, Thu: 8-23','(925) 449-8169','{city: Livermore,state: CA,zip_code: 94550}',5,104,'https://s3-media2.fl.yelpcdn.com/bphoto/uBghgJyotD86qHrICm9SuA/o.jpg',0,0,0,0,'2024-03-05 19:17:48','2024-03-05 19:17:48'),(73,'Liquid Coating Designs','Masonry/Concrete , Decks & Railing','Fri: 10-14, Fri: 7-18','(866) 886-2628','{city: Pleasanton,state: CA,zip_code: 94566}',5,46,'https://s3-media1.fl.yelpcdn.com/bphoto/EBp5VNBi-rntJ6DW_f4K0A/o.jpg',0,0,0,0,'2024-03-05 19:17:49','2024-03-05 19:17:49'),(74,'Crest Landscape','Landscaping , Masonry/Concrete','Sat: 10-16, Sun: 11-18','(510) 967-0594','{city: Pleasanton,state: CA,zip_code: 94566}',5,30,'https://s3-media4.fl.yelpcdn.com/bphoto/tGdgdufFNPzrrD_w6bLkrA/o.jpg',0,0,0,0,'2024-03-05 19:17:49','2024-03-05 19:17:49'),(75,'Solo Pavers Expert','Masonry/Concrete','Thu: 9-23, Sun: 10-20','(925) 255-6502','{city: Danville,state: CA,zip_code: 94526}',5,102,'https://s3-media4.fl.yelpcdn.com/bphoto/7yeB2uE2rXjYyUb7x2ufgw/o.jpg',0,0,0,0,'2024-03-05 19:17:49','2024-03-05 19:17:49'),(76,'Hulu’s Concrete & Landscaping','Masonry/Concrete , Landscaping','Mon: 8-15, Sun: 8-23','(925) 395-3725','{city: Concord,state: CA,zip_code: 94520}',5,68,'https://s3-media3.fl.yelpcdn.com/bphoto/f4EzEVdAAa7o-leABrkL_g/o.jpg',0,0,0,0,'2024-03-05 19:17:49','2024-03-05 19:17:49'),(77,'Nine Orange Landscaping','Landscaping , Masonry/Concrete','Wed: 7-21, Fri: 8-12','(925) 588-8789','{city: Pleasanton,state: CA,zip_code: 94588}',5,176,'https://s3-media2.fl.yelpcdn.com/bphoto/2lr7uxSDR7fvlIRd_PAQkQ/o.jpg',0,0,0,0,'2024-03-05 19:17:49','2024-03-05 19:17:49'),(78,'Sandoval Concrete','Masonry/Concrete','Mon: 10-18, Mon: 8-14','(408) 591-1368','{city: Manteca,state: CA,zip_code: 95336}',5,52,'https://s3-media4.fl.yelpcdn.com/bphoto/kTPIWynfJT8AZp8ofVeuSg/o.jpg',0,0,0,0,'2024-03-05 19:17:49','2024-03-05 19:17:49'),(79,'NC Marble and Stone Pavers','Masonry/Concrete','Fri: 7-12, Wed: 11-12','(510) 725-7805','{city: Dublin,state: CA,zip_code: 94568}',5,17,'https://s3-media4.fl.yelpcdn.com/bphoto/MqUVotJKaYLuwiVWh8BqJA/o.jpg',0,0,0,0,'2024-03-05 19:17:49','2024-03-05 19:17:49'),(80,'New Moon Landscape ','Landscaping , Masonry/Concrete , Irrigation','Tue: 8-16, Fri: 9-19','(510) 332-5822','{city: Oakland,state: CA,zip_code: 94601}',5,37,'https://s3-media3.fl.yelpcdn.com/bphoto/h-Yy6l3EjlptxET9b808lw/o.jpg',0,0,0,0,'2024-03-05 19:17:49','2024-03-05 19:17:49'),(81,'Electric Chen','Electricians , Lighting Fixtures & Equipment','Sun: 8-18, Sat: 10-13','(510) 606-8626','{city: Pleasanton,state: CA,zip_code: 94566}',5,130,'https://s3-media1.fl.yelpcdn.com/bphoto/c0yG3A1Jx-zClnJwslr5QQ/o.jpg',0,0,0,0,'2024-03-05 19:17:49','2024-03-05 19:17:49'),(82,'VC Electric','Electricians','Thu: 8-21, Fri: 7-21','(925) 699-0355','{city: Dublin,state: CA,zip_code: 94568}',5,134,'https://s3-media2.fl.yelpcdn.com/bphoto/HzHaopFAdSSEVneqwbahBQ/o.jpg',0,0,0,0,'2024-03-05 19:17:49','2024-03-05 19:17:49'),(83,'Better Electric','Electricians , Lighting Fixtures & Equipment','Sat: 8-14, Tue: 9-21','(925) 413-4215','{city: Livermore,state: CA,zip_code: 94550}',5,41,'https://s3-media4.fl.yelpcdn.com/bphoto/RI9DpJk52cjclkVhiXridQ/o.jpg',0,0,0,0,'2024-03-05 19:17:49','2024-03-05 19:17:49'),(84,'TD West Electric','Electricians , Lighting Fixtures & Equipment','Fri: 10-22, Sun: 7-12','(510) 342-2818','{city: Union City ,state: CA,zip_code: 94587}',5,201,'https://s3-media2.fl.yelpcdn.com/bphoto/NLxw4Bt_7-clB1mIm0n31Q/o.jpg',0,0,0,0,'2024-03-05 19:17:49','2024-03-05 19:17:49'),(85,'Grover Electric','Electricians','Sun: 7-22, Fri: 8-20','(925) 285-9657','{city: Danville,state: CA,zip_code: 94526}',5,175,'https://s3-media4.fl.yelpcdn.com/bphoto/JPCHQDPslA8pKKyiEhdlaQ/o.jpg',0,0,0,0,'2024-03-05 19:17:49','2024-03-05 19:17:49'),(86,'Formosa Electric','Electricians','Mon: 7-20, Fri: 9-22','(510) 709-5978','{city: Newark,state: CA,zip_code: 94560}',5,521,'https://s3-media4.fl.yelpcdn.com/bphoto/bNAQdzbWaK4vfeR028-f1g/o.jpg',0,0,0,0,'2024-03-05 19:17:49','2024-03-05 19:17:49'),(87,'Shamrockin Electric','Electricians','Fri: 9-21, Sun: 7-19','(925) 273-0750','{city: Livermore,state: CA,zip_code: 94550}',5,37,'https://s3-media2.fl.yelpcdn.com/bphoto/K3kGXflZXEudtsQ7PvcwUQ/o.jpg',0,0,0,0,'2024-03-05 19:17:49','2024-03-05 19:17:49'),(88,'Fitch Electric','Electricians , Lighting Fixtures & Equipment , Generator Installation/Repair','Fri: 7-12, Sun: 9-23','(925) 684-8932','{city: Danville,state: CA,zip_code: 94526}',5,97,'https://s3-media4.fl.yelpcdn.com/bphoto/JnXvR10wqh0pyYvb9yGDgg/o.jpg',0,0,0,0,'2024-03-05 19:17:49','2024-03-05 19:17:49'),(89,'Simply Electric','Electricians','Mon: 8-18, Sun: 7-14','(408) 499-4736','{city: Milpitas,state: CA,zip_code: 95035}',5,251,'https://s3-media3.fl.yelpcdn.com/bphoto/HxN3FUC2B0mViVpzsHbEYg/o.jpg',0,0,0,0,'2024-03-05 19:17:49','2024-03-05 19:17:49'),(90,'AMZ  Electric','Electricians','Fri: 7-14, Fri: 11-23','(925) 216-8894','{city: Pleasanton,state: CA,zip_code: 94588}',5,241,'https://s3-media2.fl.yelpcdn.com/bphoto/z8vuW-j7Ws2P9LjRsnLH1A/o.jpg',0,0,0,0,'2024-03-05 19:17:49','2024-03-05 19:17:49'),(91,'Spotless','Carpet Cleaning , Grout Services','Sat: 8-18, Wed: 7-17','(925) 892-3332','{city: Pleasanton,state: CA,zip_code: 94588}',5,189,'https://s3-media3.fl.yelpcdn.com/bphoto/FXs6W0u0tid6T9b4qUwUHg/o.jpg',0,0,0,0,'2024-03-05 19:17:49','2024-03-05 19:17:49'),(92,'Oasin Cleaning Services','Home Cleaning , Office Cleaning , Carpet Cleaning','Wed: 9-20, Fri: 9-21','(925) 766-4465','{city: Pleasanton,state: CA,zip_code: 94566}',5,106,'https://s3-media1.fl.yelpcdn.com/bphoto/4_FEXi2_5I-EliihYLSwCg/o.jpg',0,0,0,0,'2024-03-05 19:17:49','2024-03-05 19:17:49'),(93,'Vip Cleaning Service','Home Cleaning , Office Cleaning , Carpet Cleaning','Tue: 9-19, Fri: 11-14','(925) 305-5092','{city: Concord,state: CA,zip_code: 94519}',5,117,'https://s3-media2.fl.yelpcdn.com/bphoto/dmZUXIr7TZLS7joJHgBcAg/o.jpg',0,0,0,0,'2024-03-05 19:17:49','2024-03-05 19:17:49'),(94,'J.B.S.','Carpet Cleaning , Gutter Services , Pressure Washers','Tue: 10-18, Thu: 8-13','(925) 525-7577','{city: San Ramon,state: CA,zip_code: 94583}',5,407,'https://s3-media2.fl.yelpcdn.com/bphoto/YZ_O3ejEXfCzLeYN5ddMGw/o.jpg',0,0,0,0,'2024-03-05 19:17:49','2024-03-05 19:17:49'),(95,'eMaids','Home Cleaning , Office Cleaning , Window Washing','Mon: 8-12, Sun: 10-16','(925) 989-0226','{city: Livermore,state: CA,zip_code: 94551}',5,20,'https://s3-media1.fl.yelpcdn.com/bphoto/4vV2BUDXQfRBMJ17J3MAsQ/o.jpg',0,0,0,0,'2024-03-05 19:17:49','2024-03-05 19:17:49'),(96,'InstaMaids','Home Cleaning , Carpet Cleaning','Tue: 7-12, Sun: 10-13','(800) 552-5997','{city: San Jose,state: CA,zip_code: 95113}',4,590,'https://s3-media3.fl.yelpcdn.com/bphoto/bBQ9jg5ESlgYgW80BCHnZA/o.jpg',0,0,0,0,'2024-03-05 19:17:49','2024-03-05 19:17:49'),(97,'Red Carpet Maids','Office Cleaning , Home Cleaning , Window Washing','Wed: 7-15, Tue: 8-15','(925) 727-3000','{city: Pleasanton,state: CA,zip_code: 94588}',5,48,'https://s3-media1.fl.yelpcdn.com/bphoto/HVX5uNiAet2HliF3_XPdpA/o.jpg',0,0,0,0,'2024-03-05 19:17:49','2024-03-05 19:17:49'),(98,'Garcia’s House Cleaning','Home Cleaning','Mon: 8-20, Thu: 9-17','(510) 931-3427','{city: Hayward,state: CA,zip_code: 94541}',5,21,'https://s3-media3.fl.yelpcdn.com/bphoto/XeiWip-f9B5y8geblLh1Nw/o.jpg',0,0,0,0,'2024-03-05 19:17:49','2024-03-05 19:17:49'),(99,'Stay Cleaned Up','Carpet Cleaning , Pressure Washers','Thu: 7-19, Thu: 8-23','(510) 888-3333','{city: Hayward,state: CA,zip_code: 94541}',5,727,'https://s3-media2.fl.yelpcdn.com/bphoto/_hH4S786rBT_9Ebcry5Pjw/o.jpg',0,0,0,0,'2024-03-05 19:17:49','2024-03-05 19:17:49'),(100,'Tender Loving Care House Cleaning Service','Home Cleaning','Fri: 10-21, Sun: 10-17','(510) 481-9193','{city: Castro Valley,state: CA,zip_code: 94546}',4,31,'https://s3-media2.fl.yelpcdn.com/bphoto/Hjn-cp1NgJSs_YFxPkcKuw/o.jpg',0,0,0,0,'2024-03-05 19:17:49','2024-03-05 19:17:49'),(101,'BCP Concrete','Masonry/Concrete','Sun: 9-12, Sat: 10-17','(925) 462-6456','{city: Pleasanton,state: CA,zip_code: 94566}',5,47,'https://s3-media2.fl.yelpcdn.com/bphoto/bmzElEikGRSGqBhu7mWQqw/o.jpg',0,0,0,0,'2024-03-05 19:18:45','2024-03-05 19:18:45'),(102,'Swansons Landscaping','Landscaping , Masonry/Concrete , Patio Coverings','Wed: 7-19, Thu: 8-23','(925) 449-8169','{city: Livermore,state: CA,zip_code: 94550}',5,104,'https://s3-media2.fl.yelpcdn.com/bphoto/uBghgJyotD86qHrICm9SuA/o.jpg',0,0,0,0,'2024-03-05 19:18:45','2024-03-05 19:18:45'),(103,'Liquid Coating Designs','Masonry/Concrete , Decks & Railing','Fri: 10-14, Fri: 7-18','(866) 886-2628','{city: Pleasanton,state: CA,zip_code: 94566}',5,46,'https://s3-media1.fl.yelpcdn.com/bphoto/EBp5VNBi-rntJ6DW_f4K0A/o.jpg',0,0,0,0,'2024-03-05 19:18:45','2024-03-05 19:18:45'),(104,'Crest Landscape','Landscaping , Masonry/Concrete','Sat: 10-16, Sun: 11-18','(510) 967-0594','{city: Pleasanton,state: CA,zip_code: 94566}',5,30,'https://s3-media4.fl.yelpcdn.com/bphoto/tGdgdufFNPzrrD_w6bLkrA/o.jpg',0,0,0,0,'2024-03-05 19:18:45','2024-03-05 19:18:45'),(105,'Solo Pavers Expert','Masonry/Concrete','Thu: 9-23, Sun: 10-20','(925) 255-6502','{city: Danville,state: CA,zip_code: 94526}',5,102,'https://s3-media4.fl.yelpcdn.com/bphoto/7yeB2uE2rXjYyUb7x2ufgw/o.jpg',0,0,0,0,'2024-03-05 19:18:45','2024-03-05 19:18:45'),(106,'Hulu’s Concrete & Landscaping','Masonry/Concrete , Landscaping','Mon: 8-15, Sun: 8-23','(925) 395-3725','{city: Concord,state: CA,zip_code: 94520}',5,68,'https://s3-media3.fl.yelpcdn.com/bphoto/f4EzEVdAAa7o-leABrkL_g/o.jpg',0,0,0,0,'2024-03-05 19:18:45','2024-03-05 19:18:45'),(107,'Nine Orange Landscaping','Landscaping , Masonry/Concrete','Wed: 7-21, Fri: 8-12','(925) 588-8789','{city: Pleasanton,state: CA,zip_code: 94588}',5,176,'https://s3-media2.fl.yelpcdn.com/bphoto/2lr7uxSDR7fvlIRd_PAQkQ/o.jpg',0,0,0,0,'2024-03-05 19:18:45','2024-03-05 19:18:45'),(108,'Sandoval Concrete','Masonry/Concrete','Mon: 10-18, Mon: 8-14','(408) 591-1368','{city: Manteca,state: CA,zip_code: 95336}',5,52,'https://s3-media4.fl.yelpcdn.com/bphoto/kTPIWynfJT8AZp8ofVeuSg/o.jpg',0,0,0,0,'2024-03-05 19:18:45','2024-03-05 19:18:45'),(109,'NC Marble and Stone Pavers','Masonry/Concrete','Fri: 7-12, Wed: 11-12','(510) 725-7805','{city: Dublin,state: CA,zip_code: 94568}',5,17,'https://s3-media4.fl.yelpcdn.com/bphoto/MqUVotJKaYLuwiVWh8BqJA/o.jpg',0,0,0,0,'2024-03-05 19:18:46','2024-03-05 19:18:46'),(110,'New Moon Landscape ','Landscaping , Masonry/Concrete , Irrigation','Tue: 8-16, Fri: 9-19','(510) 332-5822','{city: Oakland,state: CA,zip_code: 94601}',5,37,'https://s3-media3.fl.yelpcdn.com/bphoto/h-Yy6l3EjlptxET9b808lw/o.jpg',0,0,0,0,'2024-03-05 19:18:46','2024-03-05 19:18:46'),(111,'Electric Chen','Electricians , Lighting Fixtures & Equipment','Sun: 8-18, Sat: 10-13','(510) 606-8626','{city: Pleasanton,state: CA,zip_code: 94566}',5,130,'https://s3-media1.fl.yelpcdn.com/bphoto/c0yG3A1Jx-zClnJwslr5QQ/o.jpg',0,0,0,0,'2024-03-05 19:18:46','2024-03-05 19:18:46'),(112,'VC Electric','Electricians','Thu: 8-21, Fri: 7-21','(925) 699-0355','{city: Dublin,state: CA,zip_code: 94568}',5,134,'https://s3-media2.fl.yelpcdn.com/bphoto/HzHaopFAdSSEVneqwbahBQ/o.jpg',0,0,0,0,'2024-03-05 19:18:46','2024-03-05 19:18:46'),(113,'Better Electric','Electricians , Lighting Fixtures & Equipment','Sat: 8-14, Tue: 9-21','(925) 413-4215','{city: Livermore,state: CA,zip_code: 94550}',5,41,'https://s3-media4.fl.yelpcdn.com/bphoto/RI9DpJk52cjclkVhiXridQ/o.jpg',0,0,0,0,'2024-03-05 19:18:46','2024-03-05 19:18:46'),(114,'TD West Electric','Electricians , Lighting Fixtures & Equipment','Fri: 10-22, Sun: 7-12','(510) 342-2818','{city: Union City ,state: CA,zip_code: 94587}',5,201,'https://s3-media2.fl.yelpcdn.com/bphoto/NLxw4Bt_7-clB1mIm0n31Q/o.jpg',0,0,0,0,'2024-03-05 19:18:46','2024-03-05 19:18:46'),(115,'Grover Electric','Electricians','Sun: 7-22, Fri: 8-20','(925) 285-9657','{city: Danville,state: CA,zip_code: 94526}',5,175,'https://s3-media4.fl.yelpcdn.com/bphoto/JPCHQDPslA8pKKyiEhdlaQ/o.jpg',0,0,0,0,'2024-03-05 19:18:46','2024-03-05 19:18:46'),(116,'Formosa Electric','Electricians','Mon: 7-20, Fri: 9-22','(510) 709-5978','{city: Newark,state: CA,zip_code: 94560}',5,521,'https://s3-media4.fl.yelpcdn.com/bphoto/bNAQdzbWaK4vfeR028-f1g/o.jpg',0,0,0,0,'2024-03-05 19:18:46','2024-03-05 19:18:46'),(117,'Shamrockin Electric','Electricians','Fri: 9-21, Sun: 7-19','(925) 273-0750','{city: Livermore,state: CA,zip_code: 94550}',5,37,'https://s3-media2.fl.yelpcdn.com/bphoto/K3kGXflZXEudtsQ7PvcwUQ/o.jpg',0,0,0,0,'2024-03-05 19:18:46','2024-03-05 19:18:46'),(118,'Fitch Electric','Electricians , Lighting Fixtures & Equipment , Generator Installation/Repair','Fri: 7-12, Sun: 9-23','(925) 684-8932','{city: Danville,state: CA,zip_code: 94526}',5,97,'https://s3-media4.fl.yelpcdn.com/bphoto/JnXvR10wqh0pyYvb9yGDgg/o.jpg',0,0,0,0,'2024-03-05 19:18:46','2024-03-05 19:18:46'),(119,'Simply Electric','Electricians','Mon: 8-18, Sun: 7-14','(408) 499-4736','{city: Milpitas,state: CA,zip_code: 95035}',5,251,'https://s3-media3.fl.yelpcdn.com/bphoto/HxN3FUC2B0mViVpzsHbEYg/o.jpg',0,0,0,0,'2024-03-05 19:18:46','2024-03-05 19:18:46'),(120,'AMZ  Electric','Electricians','Fri: 7-14, Fri: 11-23','(925) 216-8894','{city: Pleasanton,state: CA,zip_code: 94588}',5,241,'https://s3-media2.fl.yelpcdn.com/bphoto/z8vuW-j7Ws2P9LjRsnLH1A/o.jpg',0,0,0,0,'2024-03-05 19:18:46','2024-03-05 19:18:46'),(121,'Spotless','Carpet Cleaning , Grout Services','Sat: 8-18, Wed: 7-17','(925) 892-3332','{city: Pleasanton,state: CA,zip_code: 94588}',5,189,'https://s3-media3.fl.yelpcdn.com/bphoto/FXs6W0u0tid6T9b4qUwUHg/o.jpg',0,0,0,0,'2024-03-05 19:18:46','2024-03-05 19:18:46'),(122,'Oasin Cleaning Services','Home Cleaning , Office Cleaning , Carpet Cleaning','Wed: 9-20, Fri: 9-21','(925) 766-4465','{city: Pleasanton,state: CA,zip_code: 94566}',5,106,'https://s3-media1.fl.yelpcdn.com/bphoto/4_FEXi2_5I-EliihYLSwCg/o.jpg',0,0,0,0,'2024-03-05 19:18:46','2024-03-05 19:18:46'),(123,'Vip Cleaning Service','Home Cleaning , Office Cleaning , Carpet Cleaning','Tue: 9-19, Fri: 11-14','(925) 305-5092','{city: Concord,state: CA,zip_code: 94519}',5,117,'https://s3-media2.fl.yelpcdn.com/bphoto/dmZUXIr7TZLS7joJHgBcAg/o.jpg',0,0,0,0,'2024-03-05 19:18:46','2024-03-05 19:18:46'),(124,'J.B.S.','Carpet Cleaning , Gutter Services , Pressure Washers','Tue: 10-18, Thu: 8-13','(925) 525-7577','{city: San Ramon,state: CA,zip_code: 94583}',5,407,'https://s3-media2.fl.yelpcdn.com/bphoto/YZ_O3ejEXfCzLeYN5ddMGw/o.jpg',0,0,0,0,'2024-03-05 19:18:46','2024-03-05 19:18:46'),(125,'eMaids','Home Cleaning , Office Cleaning , Window Washing','Mon: 8-12, Sun: 10-16','(925) 989-0226','{city: Livermore,state: CA,zip_code: 94551}',5,20,'https://s3-media1.fl.yelpcdn.com/bphoto/4vV2BUDXQfRBMJ17J3MAsQ/o.jpg',0,0,0,0,'2024-03-05 19:18:46','2024-03-05 19:18:46'),(126,'InstaMaids','Home Cleaning , Carpet Cleaning','Tue: 7-12, Sun: 10-13','(800) 552-5997','{city: San Jose,state: CA,zip_code: 95113}',4,590,'https://s3-media3.fl.yelpcdn.com/bphoto/bBQ9jg5ESlgYgW80BCHnZA/o.jpg',0,0,0,0,'2024-03-05 19:18:46','2024-03-05 19:18:46'),(127,'Red Carpet Maids','Office Cleaning , Home Cleaning , Window Washing','Wed: 7-15, Tue: 8-15','(925) 727-3000','{city: Pleasanton,state: CA,zip_code: 94588}',5,48,'https://s3-media1.fl.yelpcdn.com/bphoto/HVX5uNiAet2HliF3_XPdpA/o.jpg',0,0,0,0,'2024-03-05 19:18:46','2024-03-05 19:18:46'),(128,'Garcia’s House Cleaning','Home Cleaning','Mon: 8-20, Thu: 9-17','(510) 931-3427','{city: Hayward,state: CA,zip_code: 94541}',5,21,'https://s3-media3.fl.yelpcdn.com/bphoto/XeiWip-f9B5y8geblLh1Nw/o.jpg',0,0,0,0,'2024-03-05 19:18:46','2024-03-05 19:18:46'),(129,'Stay Cleaned Up','Carpet Cleaning , Pressure Washers','Thu: 7-19, Thu: 8-23','(510) 888-3333','{city: Hayward,state: CA,zip_code: 94541}',5,727,'https://s3-media2.fl.yelpcdn.com/bphoto/_hH4S786rBT_9Ebcry5Pjw/o.jpg',0,0,0,0,'2024-03-05 19:18:46','2024-03-05 19:18:46'),(130,'Tender Loving Care House Cleaning Service','Home Cleaning','Fri: 10-21, Sun: 10-17','(510) 481-9193','{city: Castro Valley,state: CA,zip_code: 94546}',4,31,'https://s3-media2.fl.yelpcdn.com/bphoto/Hjn-cp1NgJSs_YFxPkcKuw/o.jpg',0,0,0,0,'2024-03-05 19:18:46','2024-03-05 19:18:46'),(131,'BCP Concrete','Masonry/Concrete','Sun: 9-12, Sat: 10-17','(925) 462-6456','{city: Pleasanton,state: CA,zip_code: 94566}',5,47,'https://s3-media2.fl.yelpcdn.com/bphoto/bmzElEikGRSGqBhu7mWQqw/o.jpg',0,0,0,0,'2024-03-05 19:20:05','2024-03-05 19:20:05'),(132,'Swansons Landscaping','Landscaping , Masonry/Concrete , Patio Coverings','Wed: 7-19, Thu: 8-23','(925) 449-8169','{city: Livermore,state: CA,zip_code: 94550}',5,104,'https://s3-media2.fl.yelpcdn.com/bphoto/uBghgJyotD86qHrICm9SuA/o.jpg',0,0,0,0,'2024-03-05 19:20:05','2024-03-05 19:20:05'),(133,'Liquid Coating Designs','Masonry/Concrete , Decks & Railing','Fri: 10-14, Fri: 7-18','(866) 886-2628','{city: Pleasanton,state: CA,zip_code: 94566}',5,46,'https://s3-media1.fl.yelpcdn.com/bphoto/EBp5VNBi-rntJ6DW_f4K0A/o.jpg',0,0,0,0,'2024-03-05 19:20:05','2024-03-05 19:20:05'),(134,'Crest Landscape','Landscaping , Masonry/Concrete','Sat: 10-16, Sun: 11-18','(510) 967-0594','{city: Pleasanton,state: CA,zip_code: 94566}',5,30,'https://s3-media4.fl.yelpcdn.com/bphoto/tGdgdufFNPzrrD_w6bLkrA/o.jpg',0,0,0,0,'2024-03-05 19:20:05','2024-03-05 19:20:05'),(135,'Solo Pavers Expert','Masonry/Concrete','Thu: 9-23, Sun: 10-20','(925) 255-6502','{city: Danville,state: CA,zip_code: 94526}',5,102,'https://s3-media4.fl.yelpcdn.com/bphoto/7yeB2uE2rXjYyUb7x2ufgw/o.jpg',0,0,0,0,'2024-03-05 19:20:05','2024-03-05 19:20:05'),(136,'Hulu’s Concrete & Landscaping','Masonry/Concrete , Landscaping','Mon: 8-15, Sun: 8-23','(925) 395-3725','{city: Concord,state: CA,zip_code: 94520}',5,68,'https://s3-media3.fl.yelpcdn.com/bphoto/f4EzEVdAAa7o-leABrkL_g/o.jpg',0,0,0,0,'2024-03-05 19:20:05','2024-03-05 19:20:05'),(137,'Nine Orange Landscaping','Landscaping , Masonry/Concrete','Wed: 7-21, Fri: 8-12','(925) 588-8789','{city: Pleasanton,state: CA,zip_code: 94588}',5,176,'https://s3-media2.fl.yelpcdn.com/bphoto/2lr7uxSDR7fvlIRd_PAQkQ/o.jpg',0,0,0,0,'2024-03-05 19:20:05','2024-03-05 19:20:05'),(138,'Sandoval Concrete','Masonry/Concrete','Mon: 10-18, Mon: 8-14','(408) 591-1368','{city: Manteca,state: CA,zip_code: 95336}',5,52,'https://s3-media4.fl.yelpcdn.com/bphoto/kTPIWynfJT8AZp8ofVeuSg/o.jpg',0,0,0,0,'2024-03-05 19:20:05','2024-03-05 19:20:05'),(139,'NC Marble and Stone Pavers','Masonry/Concrete','Fri: 7-12, Wed: 11-12','(510) 725-7805','{city: Dublin,state: CA,zip_code: 94568}',5,17,'https://s3-media4.fl.yelpcdn.com/bphoto/MqUVotJKaYLuwiVWh8BqJA/o.jpg',0,0,0,0,'2024-03-05 19:20:05','2024-03-05 19:20:05'),(140,'New Moon Landscape ','Landscaping , Masonry/Concrete , Irrigation','Tue: 8-16, Fri: 9-19','(510) 332-5822','{city: Oakland,state: CA,zip_code: 94601}',5,37,'https://s3-media3.fl.yelpcdn.com/bphoto/h-Yy6l3EjlptxET9b808lw/o.jpg',0,0,0,0,'2024-03-05 19:20:05','2024-03-05 19:20:05'),(141,'Electric Chen','Electricians , Lighting Fixtures & Equipment','Sun: 8-18, Sat: 10-13','(510) 606-8626','{city: Pleasanton,state: CA,zip_code: 94566}',5,130,'https://s3-media1.fl.yelpcdn.com/bphoto/c0yG3A1Jx-zClnJwslr5QQ/o.jpg',0,0,0,0,'2024-03-05 19:20:05','2024-03-05 19:20:05'),(142,'VC Electric','Electricians','Thu: 8-21, Fri: 7-21','(925) 699-0355','{city: Dublin,state: CA,zip_code: 94568}',5,134,'https://s3-media2.fl.yelpcdn.com/bphoto/HzHaopFAdSSEVneqwbahBQ/o.jpg',0,0,0,0,'2024-03-05 19:20:05','2024-03-05 19:20:05'),(143,'Better Electric','Electricians , Lighting Fixtures & Equipment','Sat: 8-14, Tue: 9-21','(925) 413-4215','{city: Livermore,state: CA,zip_code: 94550}',5,41,'https://s3-media4.fl.yelpcdn.com/bphoto/RI9DpJk52cjclkVhiXridQ/o.jpg',0,0,0,0,'2024-03-05 19:20:05','2024-03-05 19:20:05'),(144,'TD West Electric','Electricians , Lighting Fixtures & Equipment','Fri: 10-22, Sun: 7-12','(510) 342-2818','{city: Union City ,state: CA,zip_code: 94587}',5,201,'https://s3-media2.fl.yelpcdn.com/bphoto/NLxw4Bt_7-clB1mIm0n31Q/o.jpg',0,0,0,0,'2024-03-05 19:20:05','2024-03-05 19:20:05'),(145,'Grover Electric','Electricians','Sun: 7-22, Fri: 8-20','(925) 285-9657','{city: Danville,state: CA,zip_code: 94526}',5,175,'https://s3-media4.fl.yelpcdn.com/bphoto/JPCHQDPslA8pKKyiEhdlaQ/o.jpg',0,0,0,0,'2024-03-05 19:20:05','2024-03-05 19:20:05'),(146,'Formosa Electric','Electricians','Mon: 7-20, Fri: 9-22','(510) 709-5978','{city: Newark,state: CA,zip_code: 94560}',5,521,'https://s3-media4.fl.yelpcdn.com/bphoto/bNAQdzbWaK4vfeR028-f1g/o.jpg',0,0,0,0,'2024-03-05 19:20:05','2024-03-05 19:20:05'),(147,'Shamrockin Electric','Electricians','Fri: 9-21, Sun: 7-19','(925) 273-0750','{city: Livermore,state: CA,zip_code: 94550}',5,37,'https://s3-media2.fl.yelpcdn.com/bphoto/K3kGXflZXEudtsQ7PvcwUQ/o.jpg',0,0,0,0,'2024-03-05 19:20:05','2024-03-05 19:20:05'),(148,'Fitch Electric','Electricians , Lighting Fixtures & Equipment , Generator Installation/Repair','Fri: 7-12, Sun: 9-23','(925) 684-8932','{city: Danville,state: CA,zip_code: 94526}',5,97,'https://s3-media4.fl.yelpcdn.com/bphoto/JnXvR10wqh0pyYvb9yGDgg/o.jpg',0,0,0,0,'2024-03-05 19:20:05','2024-03-05 19:20:05'),(149,'Simply Electric','Electricians','Mon: 8-18, Sun: 7-14','(408) 499-4736','{city: Milpitas,state: CA,zip_code: 95035}',5,251,'https://s3-media3.fl.yelpcdn.com/bphoto/HxN3FUC2B0mViVpzsHbEYg/o.jpg',0,0,0,0,'2024-03-05 19:20:05','2024-03-05 19:20:05'),(150,'AMZ  Electric','Electricians','Fri: 7-14, Fri: 11-23','(925) 216-8894','{city: Pleasanton,state: CA,zip_code: 94588}',5,241,'https://s3-media2.fl.yelpcdn.com/bphoto/z8vuW-j7Ws2P9LjRsnLH1A/o.jpg',0,0,0,0,'2024-03-05 19:20:05','2024-03-05 19:20:05'),(151,'Spotless','Carpet Cleaning , Grout Services','Sat: 8-18, Wed: 7-17','(925) 892-3332','{city: Pleasanton,state: CA,zip_code: 94588}',5,189,'https://s3-media3.fl.yelpcdn.com/bphoto/FXs6W0u0tid6T9b4qUwUHg/o.jpg',0,0,0,0,'2024-03-05 19:20:05','2024-03-05 19:20:05'),(152,'Oasin Cleaning Services','Home Cleaning , Office Cleaning , Carpet Cleaning','Wed: 9-20, Fri: 9-21','(925) 766-4465','{city: Pleasanton,state: CA,zip_code: 94566}',5,106,'https://s3-media1.fl.yelpcdn.com/bphoto/4_FEXi2_5I-EliihYLSwCg/o.jpg',0,0,0,0,'2024-03-05 19:20:05','2024-03-05 19:20:05'),(153,'Vip Cleaning Service','Home Cleaning , Office Cleaning , Carpet Cleaning','Tue: 9-19, Fri: 11-14','(925) 305-5092','{city: Concord,state: CA,zip_code: 94519}',5,117,'https://s3-media2.fl.yelpcdn.com/bphoto/dmZUXIr7TZLS7joJHgBcAg/o.jpg',0,0,0,0,'2024-03-05 19:20:05','2024-03-05 19:20:05'),(154,'J.B.S.','Carpet Cleaning , Gutter Services , Pressure Washers','Tue: 10-18, Thu: 8-13','(925) 525-7577','{city: San Ramon,state: CA,zip_code: 94583}',5,407,'https://s3-media2.fl.yelpcdn.com/bphoto/YZ_O3ejEXfCzLeYN5ddMGw/o.jpg',0,0,0,0,'2024-03-05 19:20:05','2024-03-05 19:20:05'),(155,'eMaids','Home Cleaning , Office Cleaning , Window Washing','Mon: 8-12, Sun: 10-16','(925) 989-0226','{city: Livermore,state: CA,zip_code: 94551}',5,20,'https://s3-media1.fl.yelpcdn.com/bphoto/4vV2BUDXQfRBMJ17J3MAsQ/o.jpg',0,0,0,0,'2024-03-05 19:20:05','2024-03-05 19:20:05'),(156,'InstaMaids','Home Cleaning , Carpet Cleaning','Tue: 7-12, Sun: 10-13','(800) 552-5997','{city: San Jose,state: CA,zip_code: 95113}',4,590,'https://s3-media3.fl.yelpcdn.com/bphoto/bBQ9jg5ESlgYgW80BCHnZA/o.jpg',0,0,0,0,'2024-03-05 19:20:05','2024-03-05 19:20:05'),(157,'Red Carpet Maids','Office Cleaning , Home Cleaning , Window Washing','Wed: 7-15, Tue: 8-15','(925) 727-3000','{city: Pleasanton,state: CA,zip_code: 94588}',5,48,'https://s3-media1.fl.yelpcdn.com/bphoto/HVX5uNiAet2HliF3_XPdpA/o.jpg',0,0,0,0,'2024-03-05 19:20:05','2024-03-05 19:20:05'),(158,'Garcia’s House Cleaning','Home Cleaning','Mon: 8-20, Thu: 9-17','(510) 931-3427','{city: Hayward,state: CA,zip_code: 94541}',5,21,'https://s3-media3.fl.yelpcdn.com/bphoto/XeiWip-f9B5y8geblLh1Nw/o.jpg',0,0,0,0,'2024-03-05 19:20:05','2024-03-05 19:20:05'),(159,'Stay Cleaned Up','Carpet Cleaning , Pressure Washers','Thu: 7-19, Thu: 8-23','(510) 888-3333','{city: Hayward,state: CA,zip_code: 94541}',5,727,'https://s3-media2.fl.yelpcdn.com/bphoto/_hH4S786rBT_9Ebcry5Pjw/o.jpg',0,0,0,0,'2024-03-05 19:20:05','2024-03-05 19:20:05'),(160,'Tender Loving Care House Cleaning Service','Home Cleaning','Fri: 10-21, Sun: 10-17','(510) 481-9193','{city: Castro Valley,state: CA,zip_code: 94546}',4,31,'https://s3-media2.fl.yelpcdn.com/bphoto/Hjn-cp1NgJSs_YFxPkcKuw/o.jpg',0,0,0,0,'2024-03-05 19:20:05','2024-03-05 19:20:05'),(161,'BCP Concrete','Masonry/Concrete','Sun: 9-12, Sat: 10-17','(925) 462-6456','{city: Pleasanton,state: CA,zip_code: 94566}',5,47,'https://s3-media2.fl.yelpcdn.com/bphoto/bmzElEikGRSGqBhu7mWQqw/o.jpg',0,0,0,0,'2024-03-05 19:20:16','2024-03-05 19:20:16'),(162,'Swansons Landscaping','Landscaping , Masonry/Concrete , Patio Coverings','Wed: 7-19, Thu: 8-23','(925) 449-8169','{city: Livermore,state: CA,zip_code: 94550}',5,104,'https://s3-media2.fl.yelpcdn.com/bphoto/uBghgJyotD86qHrICm9SuA/o.jpg',0,0,0,0,'2024-03-05 19:20:16','2024-03-05 19:20:16'),(163,'Liquid Coating Designs','Masonry/Concrete , Decks & Railing','Fri: 10-14, Fri: 7-18','(866) 886-2628','{city: Pleasanton,state: CA,zip_code: 94566}',5,46,'https://s3-media1.fl.yelpcdn.com/bphoto/EBp5VNBi-rntJ6DW_f4K0A/o.jpg',0,0,0,0,'2024-03-05 19:20:16','2024-03-05 19:20:16'),(164,'Crest Landscape','Landscaping , Masonry/Concrete','Sat: 10-16, Sun: 11-18','(510) 967-0594','{city: Pleasanton,state: CA,zip_code: 94566}',5,30,'https://s3-media4.fl.yelpcdn.com/bphoto/tGdgdufFNPzrrD_w6bLkrA/o.jpg',0,0,0,0,'2024-03-05 19:20:16','2024-03-05 19:20:16'),(165,'Solo Pavers Expert','Masonry/Concrete','Thu: 9-23, Sun: 10-20','(925) 255-6502','{city: Danville,state: CA,zip_code: 94526}',5,102,'https://s3-media4.fl.yelpcdn.com/bphoto/7yeB2uE2rXjYyUb7x2ufgw/o.jpg',0,0,0,0,'2024-03-05 19:20:16','2024-03-05 19:20:16'),(166,'Hulu’s Concrete & Landscaping','Masonry/Concrete , Landscaping','Mon: 8-15, Sun: 8-23','(925) 395-3725','{city: Concord,state: CA,zip_code: 94520}',5,68,'https://s3-media3.fl.yelpcdn.com/bphoto/f4EzEVdAAa7o-leABrkL_g/o.jpg',0,0,0,0,'2024-03-05 19:20:16','2024-03-05 19:20:16'),(167,'Nine Orange Landscaping','Landscaping , Masonry/Concrete','Wed: 7-21, Fri: 8-12','(925) 588-8789','{city: Pleasanton,state: CA,zip_code: 94588}',5,176,'https://s3-media2.fl.yelpcdn.com/bphoto/2lr7uxSDR7fvlIRd_PAQkQ/o.jpg',0,0,0,0,'2024-03-05 19:20:16','2024-03-05 19:20:16'),(168,'Sandoval Concrete','Masonry/Concrete','Mon: 10-18, Mon: 8-14','(408) 591-1368','{city: Manteca,state: CA,zip_code: 95336}',5,52,'https://s3-media4.fl.yelpcdn.com/bphoto/kTPIWynfJT8AZp8ofVeuSg/o.jpg',0,0,0,0,'2024-03-05 19:20:16','2024-03-05 19:20:16'),(169,'NC Marble and Stone Pavers','Masonry/Concrete','Fri: 7-12, Wed: 11-12','(510) 725-7805','{city: Dublin,state: CA,zip_code: 94568}',5,17,'https://s3-media4.fl.yelpcdn.com/bphoto/MqUVotJKaYLuwiVWh8BqJA/o.jpg',0,0,0,0,'2024-03-05 19:20:16','2024-03-05 19:20:16'),(170,'New Moon Landscape ','Landscaping , Masonry/Concrete , Irrigation','Tue: 8-16, Fri: 9-19','(510) 332-5822','{city: Oakland,state: CA,zip_code: 94601}',5,37,'https://s3-media3.fl.yelpcdn.com/bphoto/h-Yy6l3EjlptxET9b808lw/o.jpg',0,0,0,0,'2024-03-05 19:20:16','2024-03-05 19:20:16'),(171,'Electric Chen','Electricians , Lighting Fixtures & Equipment','Sun: 8-18, Sat: 10-13','(510) 606-8626','{city: Pleasanton,state: CA,zip_code: 94566}',5,130,'https://s3-media1.fl.yelpcdn.com/bphoto/c0yG3A1Jx-zClnJwslr5QQ/o.jpg',0,0,0,0,'2024-03-05 19:20:16','2024-03-05 19:20:16'),(172,'VC Electric','Electricians','Thu: 8-21, Fri: 7-21','(925) 699-0355','{city: Dublin,state: CA,zip_code: 94568}',5,134,'https://s3-media2.fl.yelpcdn.com/bphoto/HzHaopFAdSSEVneqwbahBQ/o.jpg',0,0,0,0,'2024-03-05 19:20:16','2024-03-05 19:20:16'),(173,'Better Electric','Electricians , Lighting Fixtures & Equipment','Sat: 8-14, Tue: 9-21','(925) 413-4215','{city: Livermore,state: CA,zip_code: 94550}',5,41,'https://s3-media4.fl.yelpcdn.com/bphoto/RI9DpJk52cjclkVhiXridQ/o.jpg',0,0,0,0,'2024-03-05 19:20:16','2024-03-05 19:20:16'),(174,'TD West Electric','Electricians , Lighting Fixtures & Equipment','Fri: 10-22, Sun: 7-12','(510) 342-2818','{city: Union City ,state: CA,zip_code: 94587}',5,201,'https://s3-media2.fl.yelpcdn.com/bphoto/NLxw4Bt_7-clB1mIm0n31Q/o.jpg',0,0,0,0,'2024-03-05 19:20:16','2024-03-05 19:20:16'),(175,'Grover Electric','Electricians','Sun: 7-22, Fri: 8-20','(925) 285-9657','{city: Danville,state: CA,zip_code: 94526}',5,175,'https://s3-media4.fl.yelpcdn.com/bphoto/JPCHQDPslA8pKKyiEhdlaQ/o.jpg',0,0,0,0,'2024-03-05 19:20:16','2024-03-05 19:20:16'),(176,'Formosa Electric','Electricians','Mon: 7-20, Fri: 9-22','(510) 709-5978','{city: Newark,state: CA,zip_code: 94560}',5,521,'https://s3-media4.fl.yelpcdn.com/bphoto/bNAQdzbWaK4vfeR028-f1g/o.jpg',0,0,0,0,'2024-03-05 19:20:16','2024-03-05 19:20:16'),(177,'Shamrockin Electric','Electricians','Fri: 9-21, Sun: 7-19','(925) 273-0750','{city: Livermore,state: CA,zip_code: 94550}',5,37,'https://s3-media2.fl.yelpcdn.com/bphoto/K3kGXflZXEudtsQ7PvcwUQ/o.jpg',0,0,0,0,'2024-03-05 19:20:16','2024-03-05 19:20:16'),(178,'Fitch Electric','Electricians , Lighting Fixtures & Equipment , Generator Installation/Repair','Fri: 7-12, Sun: 9-23','(925) 684-8932','{city: Danville,state: CA,zip_code: 94526}',5,97,'https://s3-media4.fl.yelpcdn.com/bphoto/JnXvR10wqh0pyYvb9yGDgg/o.jpg',0,0,0,0,'2024-03-05 19:20:16','2024-03-05 19:20:16'),(179,'Simply Electric','Electricians','Mon: 8-18, Sun: 7-14','(408) 499-4736','{city: Milpitas,state: CA,zip_code: 95035}',5,251,'https://s3-media3.fl.yelpcdn.com/bphoto/HxN3FUC2B0mViVpzsHbEYg/o.jpg',0,0,0,0,'2024-03-05 19:20:16','2024-03-05 19:20:16'),(180,'AMZ  Electric','Electricians','Fri: 7-14, Fri: 11-23','(925) 216-8894','{city: Pleasanton,state: CA,zip_code: 94588}',5,241,'https://s3-media2.fl.yelpcdn.com/bphoto/z8vuW-j7Ws2P9LjRsnLH1A/o.jpg',0,0,0,0,'2024-03-05 19:20:16','2024-03-05 19:20:16'),(181,'Spotless','Carpet Cleaning , Grout Services','Sat: 8-18, Wed: 7-17','(925) 892-3332','{city: Pleasanton,state: CA,zip_code: 94588}',5,189,'https://s3-media3.fl.yelpcdn.com/bphoto/FXs6W0u0tid6T9b4qUwUHg/o.jpg',0,0,0,0,'2024-03-05 19:20:16','2024-03-05 19:20:16'),(182,'Oasin Cleaning Services','Home Cleaning , Office Cleaning , Carpet Cleaning','Wed: 9-20, Fri: 9-21','(925) 766-4465','{city: Pleasanton,state: CA,zip_code: 94566}',5,106,'https://s3-media1.fl.yelpcdn.com/bphoto/4_FEXi2_5I-EliihYLSwCg/o.jpg',0,0,0,0,'2024-03-05 19:20:16','2024-03-05 19:20:16'),(183,'Vip Cleaning Service','Home Cleaning , Office Cleaning , Carpet Cleaning','Tue: 9-19, Fri: 11-14','(925) 305-5092','{city: Concord,state: CA,zip_code: 94519}',5,117,'https://s3-media2.fl.yelpcdn.com/bphoto/dmZUXIr7TZLS7joJHgBcAg/o.jpg',0,0,0,0,'2024-03-05 19:20:16','2024-03-05 19:20:16'),(184,'J.B.S.','Carpet Cleaning , Gutter Services , Pressure Washers','Tue: 10-18, Thu: 8-13','(925) 525-7577','{city: San Ramon,state: CA,zip_code: 94583}',5,407,'https://s3-media2.fl.yelpcdn.com/bphoto/YZ_O3ejEXfCzLeYN5ddMGw/o.jpg',0,0,0,0,'2024-03-05 19:20:16','2024-03-05 19:20:16'),(185,'eMaids','Home Cleaning , Office Cleaning , Window Washing','Mon: 8-12, Sun: 10-16','(925) 989-0226','{city: Livermore,state: CA,zip_code: 94551}',5,20,'https://s3-media1.fl.yelpcdn.com/bphoto/4vV2BUDXQfRBMJ17J3MAsQ/o.jpg',0,0,0,0,'2024-03-05 19:20:16','2024-03-05 19:20:16'),(186,'InstaMaids','Home Cleaning , Carpet Cleaning','Tue: 7-12, Sun: 10-13','(800) 552-5997','{city: San Jose,state: CA,zip_code: 95113}',4,590,'https://s3-media3.fl.yelpcdn.com/bphoto/bBQ9jg5ESlgYgW80BCHnZA/o.jpg',0,0,0,0,'2024-03-05 19:20:16','2024-03-05 19:20:16'),(187,'Red Carpet Maids','Office Cleaning , Home Cleaning , Window Washing','Wed: 7-15, Tue: 8-15','(925) 727-3000','{city: Pleasanton,state: CA,zip_code: 94588}',5,48,'https://s3-media1.fl.yelpcdn.com/bphoto/HVX5uNiAet2HliF3_XPdpA/o.jpg',0,0,0,0,'2024-03-05 19:20:16','2024-03-05 19:20:16'),(188,'Garcia’s House Cleaning','Home Cleaning','Mon: 8-20, Thu: 9-17','(510) 931-3427','{city: Hayward,state: CA,zip_code: 94541}',5,21,'https://s3-media3.fl.yelpcdn.com/bphoto/XeiWip-f9B5y8geblLh1Nw/o.jpg',0,0,0,0,'2024-03-05 19:20:16','2024-03-05 19:20:16'),(189,'Stay Cleaned Up','Carpet Cleaning , Pressure Washers','Thu: 7-19, Thu: 8-23','(510) 888-3333','{city: Hayward,state: CA,zip_code: 94541}',5,727,'https://s3-media2.fl.yelpcdn.com/bphoto/_hH4S786rBT_9Ebcry5Pjw/o.jpg',0,0,0,0,'2024-03-05 19:20:16','2024-03-05 19:20:16'),(190,'Tender Loving Care House Cleaning Service','Home Cleaning','Fri: 10-21, Sun: 10-17','(510) 481-9193','{city: Castro Valley,state: CA,zip_code: 94546}',4,31,'https://s3-media2.fl.yelpcdn.com/bphoto/Hjn-cp1NgJSs_YFxPkcKuw/o.jpg',0,0,0,0,'2024-03-05 19:20:17','2024-03-05 19:20:17'),(191,'BCP Concrete','Masonry/Concrete','Sun: 9-12, Sat: 10-17','(925) 462-6456','{city: Pleasanton,state: CA,zip_code: 94566}',5,47,'https://s3-media2.fl.yelpcdn.com/bphoto/bmzElEikGRSGqBhu7mWQqw/o.jpg',0,0,0,0,'2024-03-05 19:21:38','2024-03-05 19:21:38'),(192,'Swansons Landscaping','Landscaping , Masonry/Concrete , Patio Coverings','Wed: 7-19, Thu: 8-23','(925) 449-8169','{city: Livermore,state: CA,zip_code: 94550}',5,104,'https://s3-media2.fl.yelpcdn.com/bphoto/uBghgJyotD86qHrICm9SuA/o.jpg',0,0,0,0,'2024-03-05 19:21:38','2024-03-05 19:21:38'),(193,'Liquid Coating Designs','Masonry/Concrete , Decks & Railing','Fri: 10-14, Fri: 7-18','(866) 886-2628','{city: Pleasanton,state: CA,zip_code: 94566}',5,46,'https://s3-media1.fl.yelpcdn.com/bphoto/EBp5VNBi-rntJ6DW_f4K0A/o.jpg',0,0,0,0,'2024-03-05 19:21:38','2024-03-05 19:21:38'),(194,'Crest Landscape','Landscaping , Masonry/Concrete','Sat: 10-16, Sun: 11-18','(510) 967-0594','{city: Pleasanton,state: CA,zip_code: 94566}',5,30,'https://s3-media4.fl.yelpcdn.com/bphoto/tGdgdufFNPzrrD_w6bLkrA/o.jpg',0,0,0,0,'2024-03-05 19:21:38','2024-03-05 19:21:38'),(195,'Solo Pavers Expert','Masonry/Concrete','Thu: 9-23, Sun: 10-20','(925) 255-6502','{city: Danville,state: CA,zip_code: 94526}',5,102,'https://s3-media4.fl.yelpcdn.com/bphoto/7yeB2uE2rXjYyUb7x2ufgw/o.jpg',0,0,0,0,'2024-03-05 19:21:38','2024-03-05 19:21:38'),(196,'Hulu’s Concrete & Landscaping','Masonry/Concrete , Landscaping','Mon: 8-15, Sun: 8-23','(925) 395-3725','{city: Concord,state: CA,zip_code: 94520}',5,68,'https://s3-media3.fl.yelpcdn.com/bphoto/f4EzEVdAAa7o-leABrkL_g/o.jpg',0,0,0,0,'2024-03-05 19:21:38','2024-03-05 19:21:38'),(197,'Nine Orange Landscaping','Landscaping , Masonry/Concrete','Wed: 7-21, Fri: 8-12','(925) 588-8789','{city: Pleasanton,state: CA,zip_code: 94588}',5,176,'https://s3-media2.fl.yelpcdn.com/bphoto/2lr7uxSDR7fvlIRd_PAQkQ/o.jpg',0,0,0,0,'2024-03-05 19:21:38','2024-03-05 19:21:38'),(198,'Sandoval Concrete','Masonry/Concrete','Mon: 10-18, Mon: 8-14','(408) 591-1368','{city: Manteca,state: CA,zip_code: 95336}',5,52,'https://s3-media4.fl.yelpcdn.com/bphoto/kTPIWynfJT8AZp8ofVeuSg/o.jpg',0,0,0,0,'2024-03-05 19:21:38','2024-03-05 19:21:38'),(199,'NC Marble and Stone Pavers','Masonry/Concrete','Fri: 7-12, Wed: 11-12','(510) 725-7805','{city: Dublin,state: CA,zip_code: 94568}',5,17,'https://s3-media4.fl.yelpcdn.com/bphoto/MqUVotJKaYLuwiVWh8BqJA/o.jpg',0,0,0,0,'2024-03-05 19:21:38','2024-03-05 19:21:38'),(200,'New Moon Landscape ','Landscaping , Masonry/Concrete , Irrigation','Tue: 8-16, Fri: 9-19','(510) 332-5822','{city: Oakland,state: CA,zip_code: 94601}',5,37,'https://s3-media3.fl.yelpcdn.com/bphoto/h-Yy6l3EjlptxET9b808lw/o.jpg',0,0,0,0,'2024-03-05 19:21:38','2024-03-05 19:21:38'),(201,'Electric Chen','Electricians , Lighting Fixtures & Equipment','Sun: 8-18, Sat: 10-13','(510) 606-8626','{city: Pleasanton,state: CA,zip_code: 94566}',5,130,'https://s3-media1.fl.yelpcdn.com/bphoto/c0yG3A1Jx-zClnJwslr5QQ/o.jpg',0,0,0,0,'2024-03-05 19:21:38','2024-03-05 19:21:38'),(202,'VC Electric','Electricians','Thu: 8-21, Fri: 7-21','(925) 699-0355','{city: Dublin,state: CA,zip_code: 94568}',5,134,'https://s3-media2.fl.yelpcdn.com/bphoto/HzHaopFAdSSEVneqwbahBQ/o.jpg',0,0,0,0,'2024-03-05 19:21:38','2024-03-05 19:21:38'),(203,'Better Electric','Electricians , Lighting Fixtures & Equipment','Sat: 8-14, Tue: 9-21','(925) 413-4215','{city: Livermore,state: CA,zip_code: 94550}',5,41,'https://s3-media4.fl.yelpcdn.com/bphoto/RI9DpJk52cjclkVhiXridQ/o.jpg',0,0,0,0,'2024-03-05 19:21:38','2024-03-05 19:21:38'),(204,'TD West Electric','Electricians , Lighting Fixtures & Equipment','Fri: 10-22, Sun: 7-12','(510) 342-2818','{city: Union City ,state: CA,zip_code: 94587}',5,201,'https://s3-media2.fl.yelpcdn.com/bphoto/NLxw4Bt_7-clB1mIm0n31Q/o.jpg',0,0,0,0,'2024-03-05 19:21:38','2024-03-05 19:21:38'),(205,'Grover Electric','Electricians','Sun: 7-22, Fri: 8-20','(925) 285-9657','{city: Danville,state: CA,zip_code: 94526}',5,175,'https://s3-media4.fl.yelpcdn.com/bphoto/JPCHQDPslA8pKKyiEhdlaQ/o.jpg',0,0,0,0,'2024-03-05 19:21:38','2024-03-05 19:21:38'),(206,'Formosa Electric','Electricians','Mon: 7-20, Fri: 9-22','(510) 709-5978','{city: Newark,state: CA,zip_code: 94560}',5,521,'https://s3-media4.fl.yelpcdn.com/bphoto/bNAQdzbWaK4vfeR028-f1g/o.jpg',0,0,0,0,'2024-03-05 19:21:38','2024-03-05 19:21:38'),(207,'Shamrockin Electric','Electricians','Fri: 9-21, Sun: 7-19','(925) 273-0750','{city: Livermore,state: CA,zip_code: 94550}',5,37,'https://s3-media2.fl.yelpcdn.com/bphoto/K3kGXflZXEudtsQ7PvcwUQ/o.jpg',0,0,0,0,'2024-03-05 19:21:38','2024-03-05 19:21:38'),(208,'Fitch Electric','Electricians , Lighting Fixtures & Equipment , Generator Installation/Repair','Fri: 7-12, Sun: 9-23','(925) 684-8932','{city: Danville,state: CA,zip_code: 94526}',5,97,'https://s3-media4.fl.yelpcdn.com/bphoto/JnXvR10wqh0pyYvb9yGDgg/o.jpg',0,0,0,0,'2024-03-05 19:21:38','2024-03-05 19:21:38'),(209,'Simply Electric','Electricians','Mon: 8-18, Sun: 7-14','(408) 499-4736','{city: Milpitas,state: CA,zip_code: 95035}',5,251,'https://s3-media3.fl.yelpcdn.com/bphoto/HxN3FUC2B0mViVpzsHbEYg/o.jpg',0,0,0,0,'2024-03-05 19:21:38','2024-03-05 19:21:38'),(210,'AMZ  Electric','Electricians','Fri: 7-14, Fri: 11-23','(925) 216-8894','{city: Pleasanton,state: CA,zip_code: 94588}',5,241,'https://s3-media2.fl.yelpcdn.com/bphoto/z8vuW-j7Ws2P9LjRsnLH1A/o.jpg',0,0,0,0,'2024-03-05 19:21:38','2024-03-05 19:21:38'),(211,'Spotless','Carpet Cleaning , Grout Services','Sat: 8-18, Wed: 7-17','(925) 892-3332','{city: Pleasanton,state: CA,zip_code: 94588}',5,189,'https://s3-media3.fl.yelpcdn.com/bphoto/FXs6W0u0tid6T9b4qUwUHg/o.jpg',0,0,0,0,'2024-03-05 19:21:38','2024-03-05 19:21:38'),(212,'Oasin Cleaning Services','Home Cleaning , Office Cleaning , Carpet Cleaning','Wed: 9-20, Fri: 9-21','(925) 766-4465','{city: Pleasanton,state: CA,zip_code: 94566}',5,106,'https://s3-media1.fl.yelpcdn.com/bphoto/4_FEXi2_5I-EliihYLSwCg/o.jpg',0,0,0,0,'2024-03-05 19:21:38','2024-03-05 19:21:38'),(213,'Vip Cleaning Service','Home Cleaning , Office Cleaning , Carpet Cleaning','Tue: 9-19, Fri: 11-14','(925) 305-5092','{city: Concord,state: CA,zip_code: 94519}',5,117,'https://s3-media2.fl.yelpcdn.com/bphoto/dmZUXIr7TZLS7joJHgBcAg/o.jpg',0,0,0,0,'2024-03-05 19:21:38','2024-03-05 19:21:38'),(214,'J.B.S.','Carpet Cleaning , Gutter Services , Pressure Washers','Tue: 10-18, Thu: 8-13','(925) 525-7577','{city: San Ramon,state: CA,zip_code: 94583}',5,407,'https://s3-media2.fl.yelpcdn.com/bphoto/YZ_O3ejEXfCzLeYN5ddMGw/o.jpg',0,0,0,0,'2024-03-05 19:21:38','2024-03-05 19:21:38'),(215,'eMaids','Home Cleaning , Office Cleaning , Window Washing','Mon: 8-12, Sun: 10-16','(925) 989-0226','{city: Livermore,state: CA,zip_code: 94551}',5,20,'https://s3-media1.fl.yelpcdn.com/bphoto/4vV2BUDXQfRBMJ17J3MAsQ/o.jpg',0,0,0,0,'2024-03-05 19:21:38','2024-03-05 19:21:38'),(216,'InstaMaids','Home Cleaning , Carpet Cleaning','Tue: 7-12, Sun: 10-13','(800) 552-5997','{city: San Jose,state: CA,zip_code: 95113}',4,590,'https://s3-media3.fl.yelpcdn.com/bphoto/bBQ9jg5ESlgYgW80BCHnZA/o.jpg',0,0,0,0,'2024-03-05 19:21:38','2024-03-05 19:21:38'),(217,'Red Carpet Maids','Office Cleaning , Home Cleaning , Window Washing','Wed: 7-15, Tue: 8-15','(925) 727-3000','{city: Pleasanton,state: CA,zip_code: 94588}',5,48,'https://s3-media1.fl.yelpcdn.com/bphoto/HVX5uNiAet2HliF3_XPdpA/o.jpg',0,0,0,0,'2024-03-05 19:21:38','2024-03-05 19:21:38'),(218,'Garcia’s House Cleaning','Home Cleaning','Mon: 8-20, Thu: 9-17','(510) 931-3427','{city: Hayward,state: CA,zip_code: 94541}',5,21,'https://s3-media3.fl.yelpcdn.com/bphoto/XeiWip-f9B5y8geblLh1Nw/o.jpg',0,0,0,0,'2024-03-05 19:21:38','2024-03-05 19:21:38'),(219,'Stay Cleaned Up','Carpet Cleaning , Pressure Washers','Thu: 7-19, Thu: 8-23','(510) 888-3333','{city: Hayward,state: CA,zip_code: 94541}',5,727,'https://s3-media2.fl.yelpcdn.com/bphoto/_hH4S786rBT_9Ebcry5Pjw/o.jpg',0,0,0,0,'2024-03-05 19:21:38','2024-03-05 19:21:38'),(220,'Tender Loving Care House Cleaning Service','Home Cleaning','Fri: 10-21, Sun: 10-17','(510) 481-9193','{city: Castro Valley,state: CA,zip_code: 94546}',4,31,'https://s3-media2.fl.yelpcdn.com/bphoto/Hjn-cp1NgJSs_YFxPkcKuw/o.jpg',0,0,0,0,'2024-03-05 19:21:38','2024-03-05 19:21:38');
/*!40000 ALTER TABLE `doers` ENABLE KEYS */;
UNLOCK TABLES;

--
-- Table structure for table `job_notes`
--

DROP TABLE IF EXISTS `job_notes`;
/*!40101 SET @saved_cs_client     = @@character_set_client */;
/*!50503 SET character_set_client = utf8mb4 */;
CREATE TABLE `job_notes` (
  `id` int NOT NULL AUTO_INCREMENT,
  `doer_id` int DEFAULT NULL,
  `user_id` int DEFAULT NULL,
  `reservation_id` int DEFAULT NULL,
  `note_text` varchar(255) DEFAULT NULL,
  `createdAt` datetime NOT NULL,
  `updatedAt` datetime NOT NULL,
  PRIMARY KEY (`id`)
) ENGINE=InnoDB AUTO_INCREMENT=8 DEFAULT CHARSET=utf8mb4 COLLATE=utf8mb4_0900_ai_ci;
/*!40101 SET character_set_client = @saved_cs_client */;

--
-- Dumping data for table `job_notes`
--

LOCK TABLES `job_notes` WRITE;
/*!40000 ALTER TABLE `job_notes` DISABLE KEYS */;
INSERT INTO `job_notes` VALUES (1,NULL,NULL,10,'this is a note','2024-03-05 19:17:49','2024-03-05 19:17:49'),(2,NULL,NULL,10,'this is a note','2024-03-05 19:18:46','2024-03-05 19:18:46'),(3,NULL,NULL,10,'this is a note','2024-03-05 19:20:05','2024-03-05 19:20:05'),(4,NULL,NULL,10,'this is a note','2024-03-05 19:20:17','2024-03-05 19:20:17'),(5,NULL,NULL,10,'this is a note','2024-03-05 19:21:38','2024-03-05 19:21:38'),(6,NULL,NULL,10,'this is a note','2024-03-05 19:26:17','2024-03-05 19:26:17'),(7,18,NULL,10,'this is a note','2024-03-05 19:27:05','2024-03-05 19:27:05');
/*!40000 ALTER TABLE `job_notes` ENABLE KEYS */;
UNLOCK TABLES;

--
-- Table structure for table `reservation_requests`
--

DROP TABLE IF EXISTS `reservation_requests`;
/*!40101 SET @saved_cs_client     = @@character_set_client */;
/*!50503 SET character_set_client = utf8mb4 */;
CREATE TABLE `reservation_requests` (
  `id` int NOT NULL AUTO_INCREMENT,
  `requested_services` varchar(255) DEFAULT NULL,
  `requested_time` varchar(255) DEFAULT NULL,
  `state` enum('Requested','SentToDoer','Accepted','Declined','Completed','Abandoned','Recalled') DEFAULT 'Requested',
  `user_id` int NOT NULL DEFAULT '0',
  `createdAt` datetime NOT NULL,
  `updatedAt` datetime NOT NULL,
  `doer_id` int DEFAULT NULL,
  PRIMARY KEY (`id`),
  KEY `doer_id` (`doer_id`),
  CONSTRAINT `reservation_requests_ibfk_1` FOREIGN KEY (`doer_id`) REFERENCES `doers` (`doer_id`) ON DELETE SET NULL ON UPDATE CASCADE
) ENGINE=InnoDB AUTO_INCREMENT=51 DEFAULT CHARSET=utf8mb4 COLLATE=utf8mb4_0900_ai_ci;
/*!40101 SET character_set_client = @saved_cs_client */;

--
-- Dumping data for table `reservation_requests`
--

LOCK TABLES `reservation_requests` WRITE;
/*!40000 ALTER TABLE `reservation_requests` DISABLE KEYS */;
INSERT INTO `reservation_requests` VALUES (43,'Irrigation','Fri: 14-17','Accepted',0,'2024-03-05 19:21:38','2024-03-05 23:11:30',10),(44,'Landscaping','Thu: 9-10','Accepted',0,'2024-03-05 19:21:38','2024-03-05 23:11:21',10),(45,'Masonary','Sun: 9-14','Requested',0,'2024-03-05 19:21:38','2024-03-05 19:21:38',5),(46,'Concrete','Mon: 9-10','Requested',0,'2024-03-05 19:21:38','2024-03-05 19:21:38',8),(47,'Electrician','Thu: 9-10','Requested',0,'2024-03-05 19:21:38','2024-03-05 19:21:38',15),(48,'Electrician','Sun: 12-17','Requested',0,'2024-03-05 19:21:38','2024-03-05 19:21:38',17),(49,'Lighting','Fri: 9-10','Requested',0,'2024-03-05 19:21:38','2024-03-05 19:21:38',18),(50,'Electrician','Sat: 8-10','Accepted',0,'2024-03-08 05:36:13','2024-03-08 05:37:22',3);
/*!40000 ALTER TABLE `reservation_requests` ENABLE KEYS */;
UNLOCK TABLES;
/*!40103 SET TIME_ZONE=@OLD_TIME_ZONE */;

/*!40101 SET SQL_MODE=@OLD_SQL_MODE */;
/*!40014 SET FOREIGN_KEY_CHECKS=@OLD_FOREIGN_KEY_CHECKS */;
/*!40014 SET UNIQUE_CHECKS=@OLD_UNIQUE_CHECKS */;
/*!40101 SET CHARACTER_SET_CLIENT=@OLD_CHARACTER_SET_CLIENT */;
/*!40101 SET CHARACTER_SET_RESULTS=@OLD_CHARACTER_SET_RESULTS */;
/*!40101 SET COLLATION_CONNECTION=@OLD_COLLATION_CONNECTION */;
/*!40111 SET SQL_NOTES=@OLD_SQL_NOTES */;

-- Dump completed on 2024-03-19 18:45:18
